X,Y,OBJECTID,ID,CD,NANOS,VZMPAT,VZMMPPT,PCDIFMMPT,DSFAIXADIF
-72.814,-5.13899999999995,1,1,10200000,,662.53,633.97,4.51,"-4,9% a 5%"
-70.9059999999999,-4.34099999999995,2,2,10500000,,2904.03,2558.73,13.49,"5,1% a 25%"
-68.912,-3.45699999999994,3,3,11400000,,50147.3,45272.68,10.77,"5,1% a 25%"
-67.936,-3.10199999999998,4,4,11500000,,61614.31,57162.36,7.79,"5,1% a 25%"
-72.716,-9.40999999999997,5,5,12360000,,192.38,169.45,13.54,"5,1% a 25%"
-72.785,-8.94599999999997,6,6,12370000,,513.48,404.89,26.82,"25,1% a 50%"
-73.664,-7.44799999999998,7,7,12400000,,30.3,33.32,-9.06,"-24,9% a -5%"
-72.66,-7.63299999999998,8,8,12500000,,915.5,1002.72,-8.7,"-24,9% a -5%"
-71.689,-7.05599999999993,9,9,12520000,,1369.91,1414.69,-3.17,"-4,9% a 5%"
-70.3559999999999,-8.16399999999993,10,10,12650000,,402.83,452.35,-10.95,"-24,9% a -5%"
-68.246,-6.43999999999994,11,11,12700000,,4192.51,4015.65,4.4,"-4,9% a 5%"
-69.4279999999999,-1.39499999999992,12,12,12845000,,13645.49,14348.64,-4.9,"-4,9% a 5%"
-63.028,-4.05799999999994,13,13,13150000,,91292.76,86380.74,5.69,"5,1% a 25%"
-68.5769999999999,-9.04399999999993,14,14,13410000,,1131.08,1423.26,-20.53,"-24,9% a -5%"
-68.7449999999999,-11.018,15,15,13470000,,133.5,121.03,10.31,"5,1% a 25%"
-68.508,-10.651,16,16,13550000,,230.39,207.5,11.03,"5,1% a 25%"
-67.801,-9.97499999999997,17,17,13600002,,423.33,359.39,17.79,"5,1% a 25%"
-67.3969999999999,-9.06699999999995,18,18,13650000,,630.94,624,1.11,"-4,9% a 5%"
-67.3749999999999,-8.65299999999996,19,19,13710001,,2055.86,2079,-1.11,"-4,9% a 5%"
-66.9999999999999,-7.71599999999995,20,20,13750000,,3953.54,3839.04,2.98,"-4,9% a 5%"
-64.7979999999999,-7.25799999999998,21,21,13870000,,5572.27,5886.52,-5.34,"-24,9% a -5%"
-64.386,-6.53899999999993,22,22,13880000,,6312.86,6518.96,-3.16,"-4,9% a 5%"
-60.609,-3.31099999999998,23,23,14100000,,105940.38,101044.35,4.85,"-4,9% a 5%"
-66.853,1.21500000000003,24,24,14110000,,5231.08,4946.05,5.76,"5,1% a 25%"
-67.595,1.07400000000007,25,25,14230000,,1865.99,1864.04,0.1,"-4,9% a 5%"
-67.313,0.372,26,26,14250000,,8982.18,8462.63,6.14,"5,1% a 25%"
-69.128,0.477,27,27,14260000,,2599.48,2432.33,6.87,"5,1% a 25%"
-68.539,0.13,28,28,14280001,,3002,2778.51,8.04,"5,1% a 25%"
-69.785,0.249,29,29,14300000,,134.6,132.41,1.66,"-4,9% a 5%"
-69.378,0.209,30,30,14310000,,337.99,330.93,2.13,"-4,9% a 5%"
-66.802,-0.201,31,31,14330000,,13605.34,12861.69,5.78,"5,1% a 25%"
-67.009,-0.246,32,32,14350000,,950.95,934.7,1.74,"-4,9% a 5%"
-64.829,-0.482,33,33,14420000,,18619.77,17626.51,5.64,"5,1% a 25%"
-62.622,0.884,34,34,14440000,,550.3,492.39,11.76,"5,1% a 25%"
-63.169,3.55000000000007,35,35,14488000,,601.88,586.35,2.65,"-4,9% a 5%"
-61.037,3.43800000000005,36,36,14495000,,1157.5,1165.24,-0.66,"-4,9% a 5%"
-60.571,3.20800000000003,37,37,14515000,,1510.04,1469.32,2.77,"-4,9% a 5%"
-59.811,3.38100000000003,38,38,14526000,,180.7,197.9,-8.69,"-24,9% a -5%"
-60.794,4.19600000000003,39,39,14530000,,63.64,74.06,-14.08,"-24,9% a -5%"
-60.5289999999999,4.16800000000006,40,40,14550000,,178.05,147.93,20.37,"5,1% a 25%"
-61.441,2.87100000000004,41,41,14680001,,330.05,319.65,3.25,"-4,9% a 5%"
-61.124,1.82100000000003,42,42,14710000,,2936.48,3041.47,-3.45,"-4,9% a 5%"
-59.8339999999999,-3.19599999999997,43,43,15040000,,14572.87,12556.73,16.06,"5,1% a 25%"
-59.354,-15.215,44,44,15050000,,56.17,58.03,-3.2,"-4,9% a 5%"
-59.958,-15.009,45,45,15120001,,116.56,126.17,-7.62,"-24,9% a -5%"
-61.05,-13.4859999999999,46,46,15130000,,506.79,492.98,2.8,"-4,9% a 5%"
-62.8989999999999,-12.8509999999999,47,47,15150000,,905.92,901.75,0.46,"-4,9% a 5%"
-64.425,-12.427,48,48,15200000,,2283.36,2415.16,-5.46,"-24,9% a -5%"
-65.348,-10.7929999999999,49,49,15250000,,7894,7839.38,0.7,"-4,9% a 5%"
-65.367,-9.70499999999993,50,50,15320002,,18757.73,17882.92,4.89,"-4,9% a 5%"
-65.528,-9.78499999999997,51,51,15326000,,793.8,584.41,35.83,"25,1% a 50%"
-63.917,-8.74799999999993,52,52,15400000,,19488.84,18945.1,2.87,"-4,9% a 5%"
-63.071,-9.92599999999993,53,53,15430000,,218.82,185.04,18.26,"5,1% a 25%"
-62.985,-9.88699999999994,54,54,15431000,,27.56,26.35,4.59,"-4,9% a 5%"
-63.288,-9.76099999999997,55,55,15432000,,24.95,26.78,-6.83,"-24,9% a -5%"
-63.711,-8.79899999999998,56,56,15550000,,395.76,342.57,15.53,"5,1% a 25%"
-60.8679999999999,-11.749,57,57,15552600,,127.07,112.9,12.55,"5,1% a 25%"
-61.192,-11.684,58,58,15558000,,250.83,224.93,11.52,"5,1% a 25%"
-61.215,-11.653,59,59,15559000,,415.37,359.63,15.5,"5,1% a 25%"
-61.936,-10.874,60,60,15560000,,839.37,731.51,14.74,"5,1% a 25%"
-62.466,-10.446,61,61,15565000,,96.91,89.9,7.8,"5,1% a 25%"
-62.056,-8.93199999999996,62,62,15580000,,1639.03,1499.91,9.28,"5,1% a 25%"
-63.018,-7.50299999999993,63,63,15630000,,23323.99,22757.28,2.49,"-4,9% a 5%"
-61.302,-5.81699999999995,64,64,15700000,,24226.91,24988.14,-3.05,"-4,9% a 5%"
-59.466,-10.1689999999999,65,65,15750000,,274.6,312.96,-12.26,"-24,9% a -5%"
-60.578,-7.70599999999996,66,66,15800000,,1510.71,1418.66,6.49,"5,1% a 25%"
-60.65,-7.20799999999997,67,67,15830000,,3446.34,3160.63,9.04,"5,1% a 25%"
-59.042,-6.79599999999994,68,68,15910000,,463.15,433.8,6.76,"5,1% a 25%"
-59.6829999999999,-7.10099999999994,69,69,15930000,,201.79,185.41,8.83,"5,1% a 25%"
-59.3439999999999,-2.10599999999994,70,70,16100000,,309.96,726.11,-57.31,"-74,9% a -50%"
-55.513,-1.91899999999993,71,71,17050001,,176517.18,166277.78,6.16,"5,1% a 25%"
-54.8729999999999,-1.50299999999993,72,72,17090000,,187.7,176.64,6.26,"5,1% a 25%"
-58.343,-11.3579999999999,73,73,17093000,,1346.96,1449.23,-7.06,"-24,9% a -5%"
-58.0479999999999,-11.718,74,74,17095000,,529,511.7,3.38,"-4,9% a 5%"
-57.424,-11.537,75,75,17120000,,744.83,728.6,2.23,"-4,9% a 5%"
-55.335,-13.5579999999999,76,76,17200000,,232.9,261.25,-10.85,"-24,9% a -5%"
-55.7929999999999,-12.674,77,77,17210000,,303.38,332.9,-8.87,"-24,9% a -5%"
-55.703,-11.6519999999999,78,78,17280000,,782.67,826.77,-5.33,"-24,9% a -5%"
-55.571,-10.1129999999999,79,79,17340000,,1196.25,1184.24,1.01,"-4,9% a 5%"
-54.9039999999999,-9.35899999999998,80,80,17345000,,22.56,26.33,-14.31,"-24,9% a -5%"
-54.886,-9.81699999999995,81,81,17350000,,33.1,30.83,7.36,"5,1% a 25%"
-56.0189999999999,-9.64099999999996,82,82,17380000,,2148.62,2058,4.4,"-4,9% a 5%"
-57.9499999999999,-7.61499999999995,83,83,17420000,,3715.02,3814.29,-2.6,"-4,9% a 5%"
-58.155,-7.33999999999997,84,84,17430000,,8653.04,8503.46,1.76,"-4,9% a 5%"
-54.3969999999999,-1.77899999999994,85,85,18200000,,140.6,154.86,-9.21,"-24,9% a -5%"
-53.554,-3.67699999999996,86,86,18250000,,39.51,43.7,-9.6,"-24,9% a -5%"
-54.4449999999999,-13.141,87,87,18420000,,66.63,80.96,-17.7,"-24,9% a -5%"
-51.9949999999999,-6.73599999999993,88,88,18460000,,3868.11,3618.82,6.89,"5,1% a 25%"
-51.7739999999999,-6.74499999999995,89,89,18500000,,996.62,887.8,12.26,"5,1% a 25%"
-54.521,-5.64999999999998,90,90,18650000,,739.58,813.9,-9.13,"-24,9% a -5%"
-52.2119999999999,-3.21499999999997,91,91,18850000,,10612.13,8517.56,24.59,"5,1% a 25%"
-52.58,-0.554,92,92,19100000,,80.29,66.37,20.98,"5,1% a 25%"
-50.64,-3.85099999999994,93,93,19985000,,140.91,141.63,-0.51,"-4,9% a 5%"
-49.3219999999999,-15.7239999999999,94,94,20100000,,26.4,34.91,-24.35,"-24,9% a -5%"
-49.691,-15.496,95,95,20200000,,49.78,61.23,-18.7,"-24,9% a -5%"
-49.552,-15.275,96,96,20250000,,155.67,162.73,-4.34,"-4,9% a 5%"
-47.047,-14.451,97,97,21220000,,33.72,60.34,-44.11,"-49,9% a -25%"
-46.491,-14.477,98,98,21300000,,38.12,53.89,-29.28,"-49,9% a -25%"
-46.838,-13.763,99,99,21500000,,125.91,191.14,-34.13,"-49,9% a -25%"
-46.78,-13.499,100,100,21560000,,34.43,42.22,-18.45,"-24,9% a -5%"
-46.4689999999999,-13.5509999999999,101,101,21580000,,9.72,10.45,-7.05,"-24,9% a -5%"
-47.138,-13.425,102,102,21600000,,140.31,275.25,-49.03,"-49,9% a -25%"
-46.5119999999999,-12.7939999999999,103,103,21750000,,31.86,36.6,-12.96,"-24,9% a -5%"
-47.196,-12.417,104,104,21850000,,162.61,222.42,-26.89,"-49,9% a -25%"
-48.533,-12.023,105,105,22050001,,1098.07,1534.34,-28.43,"-49,9% a -25%"
-48.7119999999999,-12.3919999999999,106,106,22100000,,71.28,95.43,-25.3,"-49,9% a -25%"
-48.657,-11.982,107,107,22150000,,108.46,162.56,-33.28,"-49,9% a -25%"
-47.045,-11.6109999999999,108,108,22190000,,32.73,41.75,-21.61,"-24,9% a -5%"
-47.8369999999999,-11.759,109,109,22220000,,99.76,127.21,-21.58,"-24,9% a -5%"
-48.2889999999999,-11.533,110,110,22250000,,115.55,177.45,-34.88,"-49,9% a -25%"
-47.473,-9.99499999999995,111,111,22680000,,222.05,281.03,-20.99,"-24,9% a -5%"
-47.675,-9.96299999999997,112,112,22700000,,234.73,293.21,-19.95,"-24,9% a -5%"
-47.929,-9.30699999999996,113,113,22900000,,562.73,701.83,-19.82,"-24,9% a -5%"
-48.1109999999999,-8.39199999999994,114,114,23100000,,2400.04,3166.69,-24.21,"-24,9% a -5%"
-47.765,-8.39199999999994,115,115,23150000,,38.32,48.27,-20.61,"-24,9% a -5%"
-47.261,-7.96299999999997,116,116,23230000,,70.54,77.05,-8.45,"-24,9% a -5%"
-47.312,-7.70799999999997,117,117,23250000,,133.65,153.47,-12.92,"-24,9% a -5%"
-47.4689999999999,-5.78899999999993,118,118,23700000,,3293.32,4321.76,-23.8,"-24,9% a -5%"
-52.55,-16.201,119,119,24200000,,279.26,339.41,-17.72,"-24,9% a -5%"
-53.5479999999999,-16.078,120,120,24500000,,86.38,109.49,-21.11,"-24,9% a -5%"
-52.228,-15.891,121,121,24700000,,545.09,668.66,-18.48,"-24,9% a -5%"
-51.4689999999999,-16.302,122,122,24750000,,74.05,121.32,-38.96,"-49,9% a -25%"
-51.816,-16.4309999999999,123,123,24780000,,18.62,26.86,-30.68,"-49,9% a -25%"
-51.853,-15.8899999999999,124,124,24800000,,135.75,206.99,-34.42,"-49,9% a -25%"
-51.828,-15.7379999999999,125,125,24850000,,701.31,880.74,-20.37,"-24,9% a -5%"
-50.997,-16.513,126,126,24900000,,22.99,33.74,-31.88,"-49,9% a -25%"
-51.3579999999999,-15.9399999999999,127,127,24950000,,113.06,132.49,-14.66,"-24,9% a -5%"
-50.172,-15.922,128,128,25100000,,4.64,5.36,-13.34,"-24,9% a -5%"
-50.439,-15.8969999999999,129,129,25120000,,2.31,3.6,-35.81,"-49,9% a -25%"
-50.705,-15.5359999999999,130,130,25130000,,57.22,78.02,-26.67,"-49,9% a -25%"
-51.081,-14.913,131,131,25200000,,990.73,1247.99,-20.61,"-24,9% a -5%"
-50.8,-13.6899999999999,132,132,25700000,,1136.66,1384.8,-17.92,"-24,9% a -5%"
-53.056,-15.249,133,133,26050000,,342.62,384.5,-10.89,"-24,9% a -5%"
-52.355,-14.6729999999999,134,134,26100000,,439.31,530.87,-17.25,"-24,9% a -5%"
-51.696,-14.0869999999999,135,135,26200000,,623.49,737.85,-15.5,"-24,9% a -5%"
-50.9639999999999,-12.292,136,136,26300000,,820.67,923.69,-11.15,"-24,9% a -5%"
-50.663,-11.6179999999999,137,137,26350000,,2231.51,2708.81,-17.62,"-24,9% a -5%"
-49.948,-12.0989999999999,138,138,26710000,,131.21,193.19,-32.08,"-49,9% a -25%"
-49.5889999999999,-12.4179999999999,139,139,26720000,,56.09,71.45,-21.49,"-24,9% a -5%"
-49.934,-10.5649999999999,140,140,26800000,,378.43,528.33,-28.37,"-49,9% a -25%"
-49.378,-9.18399999999997,141,141,27380000,,23.53,26.4,-10.89,"-24,9% a -5%"
-49.259,-8.26899999999995,142,142,27500000,,4005.99,4940.28,-18.91,"-24,9% a -5%"
-49.045,-7.61399999999998,143,143,27550000,,23.25,28.5,-18.42,"-24,9% a -5%"
-48.6109999999999,-7.14599999999996,144,144,28150000,,28.61,33.71,-15.13,"-24,9% a -5%"
-48.47,-6.67199999999997,145,145,28240000,,70.4,78.51,-10.33,"-24,9% a -5%"
-48.542,-6.40999999999997,146,146,28300000,,4686.62,5656.58,-17.15,"-24,9% a -5%"
-48.133,-5.65099999999995,147,147,28850000,,5085.35,6024.63,-15.59,"-24,9% a -5%"
-49.124,-5.33899999999994,148,148,29050000,,8766.07,10276.6,-14.7,"-24,9% a -5%"
-49.2209999999999,-5.48699999999997,149,149,29100000,,613.57,637.4,-3.74,"-4,9% a 5%"
-49.653,-3.75799999999992,150,150,29700000,,10848.79,11422.79,-5.03,"-24,9% a -5%"
-51.706,0.986,151,151,30080000,,399.81,327.05,22.25,"5,1% a 25%"
-52.016,0.901,152,152,30300000,,408.65,358.58,13.96,"5,1% a 25%"
-51.439,0.708,153,153,30400000,,1460.86,977.29,49.48,"25,1% a 50%"
-47.0549999999999,-1.86699999999996,154,154,31490000,,86.87,88.86,-2.25,"-4,9% a 5%"
-47.066,-1.54099999999994,155,155,31520000,,131.61,137.4,-4.22,"-4,9% a 5%"
-47.117,-1.65199999999993,156,156,31600000,,1.34,1.14,17.22,"5,1% a 25%"
-48.085,-3.13699999999994,157,157,31680000,,458.29,478.38,-4.2,"-4,9% a 5%"
-47.768,-2.51299999999998,158,158,31700000,,597.03,608.32,-1.86,"-4,9% a 5%"
-46.591,-1.73499999999996,159,159,32450002,,77.57,75.63,2.57,"-4,9% a 5%"
-46.8459999999999,-3.31999999999994,160,160,32540000,,130.08,119.06,9.25,"5,1% a 25%"
-46.8029999999999,-2.77199999999993,161,161,32550000,,72.06,74.95,-3.86,"-4,9% a 5%"
-46.316,-1.80099999999993,162,162,32620000,,482.52,476.99,1.16,"-4,9% a 5%"
-45.956,-2.05399999999997,163,163,32740000,,58.91,61.56,-4.3,"-4,9% a 5%"
-45.667,-2.94399999999996,164,164,32830000,,75.63,88.28,-14.33,"-24,9% a -5%"
-45.785,-2.50299999999993,165,165,32850000,,17.56,19.88,-11.67,"-24,9% a -5%"
-45.98,-5.76599999999996,166,166,33025000,,32.04,21.61,48.28,"25,1% a 50%"
-46.494,-4.29899999999998,167,167,33075000,,5.31,4.47,18.69,"5,1% a 25%"
-45.7789999999999,-4.03399999999993,168,168,33170000,,19.93,20.79,-4.11,"-4,9% a 5%"
-45.466,-3.65999999999997,169,169,33190000,,211.8,213.02,-0.57,"-4,9% a 5%"
-45.9829999999999,-5.76699999999994,170,170,33205000,,21.57,25.98,-16.99,"-24,9% a -5%"
-45.318,-5.73499999999996,171,171,33215000,,17.35,22.66,-23.42,"-24,9% a -5%"
-45.244,-5.50099999999998,172,172,33250000,,47.61,58.13,-18.09,"-24,9% a -5%"
-44.961,-5.10199999999998,173,173,33260000,,46.18,58.81,-21.48,"-24,9% a -5%"
-44.9279999999999,-5.41899999999993,174,174,33270000,,1.11,2.17,-48.75,"-49,9% a -25%"
-44.6109999999999,-4.56999999999994,175,175,33281000,,68.95,89.51,-22.97,"-24,9% a -5%"
-44.6759999999999,-4.36999999999995,176,176,33286000,,78.78,98.56,-20.07,"-24,9% a -5%"
-44.7649999999999,-4.21899999999994,177,177,33290000,,81.79,108.63,-24.7,"-24,9% a -5%"
-46.1419999999999,-5.82199999999995,178,178,33321000,,20.68,23.3,-11.25,"-24,9% a -5%"
-46.24,-5.59399999999994,179,179,33330000,,13.13,15.17,-13.48,"-24,9% a -5%"
-45.218,-3.77199999999993,180,180,33380000,,79.58,104.1,-23.56,"-24,9% a -5%"
-44.36,-6.37099999999998,181,181,33420000,,12.59,18.06,-30.26,"-49,9% a -25%"
-44.708,-6.06699999999995,182,182,33450000,,25.8,32.4,-20.36,"-24,9% a -5%"
-44.34,-6.00699999999995,183,183,33460000,,26.43,32.63,-18.99,"-24,9% a -5%"
-44.249,-6.02099999999996,184,184,33480000,,40.94,55.72,-26.52,"-49,9% a -25%"
-43.586,-5.70599999999996,185,185,33520000,,3.61,6.64,-45.54,"-49,9% a -25%"
-43.884,-5.33699999999993,186,186,33530000,,43.99,62.86,-30.02,"-49,9% a -25%"
-43.3679999999999,-4.86499999999995,187,187,33550000,,49.62,73.16,-32.17,"-49,9% a -25%"
-43.8749999999999,-4.45799999999997,188,188,33590000,,75.99,112.89,-32.69,"-49,9% a -25%"
-43.9329999999999,-4.46499999999997,189,189,33620000,,22.55,38.83,-41.94,"-49,9% a -25%"
-44.1299999999999,-4.12599999999998,190,190,33630000,,112.74,165.2,-31.76,"-49,9% a -25%"
-44.379,-3.62799999999993,191,191,33680000,,172.33,232.33,-25.82,"-49,9% a -25%"
-43.703,-3.57799999999997,192,192,33730000,,20.55,31.74,-35.25,"-49,9% a -25%"
-43.525,-3.33499999999998,193,193,33760000,,16.85,26.04,-35.31,"-49,9% a -25%"
-43.872,-3.55299999999994,194,194,33780000,,74.18,97.51,-23.92,"-24,9% a -5%"
-45.9259999999999,-9.11299999999994,195,195,34020000,,89.4,109.06,-18.03,"-24,9% a -5%"
-45.254,-7.56699999999995,196,196,34060000,,175.16,216.99,-19.28,"-24,9% a -5%"
-44.8269999999999,-7.38099999999997,197,197,34070000,,183.7,222.31,-17.37,"-24,9% a -5%"
-44.614,-7.39099999999996,198,198,34090000,,28.22,35.02,-19.4,"-24,9% a -5%"
-46.0359999999999,-7.53399999999993,199,199,34130000,,88.43,97.12,-8.94,"-24,9% a -5%"
-44.814,-7.08199999999994,200,200,34170000,,156.98,185.47,-15.36,"-24,9% a -5%"
-45.0289999999999,-9.57999999999993,201,201,34230000,,1.36,2.27,-39.95,"-49,9% a -25%"
-44.206,-8.79299999999995,202,202,34251000,,7.26,19.24,-62.24,"-74,9% a -50%"
-43.643,-7.24799999999993,203,203,34270000,,14.22,31.52,-54.88,"-74,9% a -50%"
-43.028,-6.76099999999997,204,204,34311000,,369.75,495.81,-25.42,"-49,9% a -25%"
-42.544,-7.23399999999998,205,205,34571000,,2.35,5.18,-54.66,"-74,9% a -50%"
-42.6969999999999,-6.62199999999996,206,206,34600000,,16.33,37.24,-56.15,"-74,9% a -50%"
-43.0239999999999,-5.57199999999995,207,207,34660000,,401.63,539.47,-25.55,"-49,9% a -25%"
-42.811,-5.13499999999993,208,208,34690000,,418.47,603.83,-30.7,"-49,9% a -25%"
-41.7379999999999,-5.22299999999996,209,209,34750000,,11.32,27.96,-59.52,"-74,9% a -50%"
-42.2139999999999,-5.66599999999994,210,210,34770000,,43.25,78.09,-44.61,"-49,9% a -25%"
-42.6969999999999,-5.20299999999997,211,211,34789000,,64.11,104.7,-38.77,"-49,9% a -25%"
-42.3699999999999,-3.45399999999995,212,212,34879500,,494.98,703.12,-29.6,"-49,9% a -25%"
-42.23,-3.90299999999996,213,213,34940000,,60.72,90.12,-32.62,"-49,9% a -25%"
-41.9739999999999,-3.72399999999993,214,214,34980000,,87,131.48,-33.83,"-49,9% a -25%"
-40.4299999999999,-4.14399999999995,215,215,35235000,,3.14,10.03,-68.67,"-74,9% a -50%"
-40.318,-4.19499999999994,216,216,35240000,,3.58,6.18,-42.1,"-49,9% a -25%"
-40.3799999999999,-3.90899999999993,217,217,35260000,,2.05,6.57,-68.72,"-74,9% a -50%"
-40.3389999999999,-3.68799999999993,218,218,35275000,,11.97,45.24,-73.53,"-74,9% a -50%"
-39.085,-3.40799999999996,219,219,35570000,,2.41,13.79,-82.55,-100% a -75%
-38.78,-4.19299999999993,220,220,35740000,,0.47,2.14,-78,-100% a -75%
-38.943,-4.65799999999996,221,221,35830000,,0.46,4.62,-90.13,-100% a -75%
-40.162,-6.32399999999996,222,222,36020000,,0.56,6.45,-91.27,-100% a -75%
-39.9619999999999,-6.64599999999996,223,223,36045000,,0.07,1.74,-95.79,-100% a -75%
-39.509,-6.55799999999994,224,224,36125000,,3.9,5.6,-30.31,"-49,9% a -25%"
-39.4999999999999,-6.53399999999993,225,225,36130000,,5.48,10.7,-48.78,"-49,9% a -25%"
-39.2929999999999,-6.37399999999997,226,226,36160000,,5.75,28.19,-79.6,-100% a -75%
-39.1439999999999,-7.22199999999998,227,227,36210000,,2.04,4.59,-55.49,"-74,9% a -50%"
-38.985,-7.29999999999995,228,228,36250000,,1.07,3.25,-66.96,"-74,9% a -50%"
-38.867,-6.40699999999993,229,229,36290000,,13.89,25.49,-45.51,"-49,9% a -25%"
-38.633,-5.89999999999998,230,230,36320000,,20.08,55,-63.5,"-74,9% a -50%"
-38.198,-5.22799999999995,231,231,36390000,,10.88,76.18,-85.71,-100% a -75%
-39.292,-5.20099999999996,232,232,36520000,,0.91,11.77,-92.3,-100% a -75%
-38.446,-5.12199999999996,233,233,36580000,,4.2,24.77,-83.04,-100% a -75%
-37.5149999999999,-5.44999999999993,234,234,37084000,,2.01,7.46,-73.1,"-74,9% a -50%"
-37.2549999999999,-5.64399999999995,235,235,37185000,,1.02,4.23,-75.96,-100% a -75%
-38.381,-6.91899999999993,236,236,37220000,,0.51,2.11,-75.64,-100% a -75%
-37.924,-6.96599999999995,237,237,37380000,,3.9,15.14,-74.22,"-74,9% a -50%"
-37.7979999999999,-6.72599999999994,238,238,37410000,,8.35,33.14,-74.8,"-74,9% a -50%"
-37.353,-6.37799999999993,239,239,37470000,,12.89,44.23,-70.86,"-74,9% a -50%"
-36.785,-6.59399999999994,240,240,37515000,,0.42,1.71,-75.71,-100% a -75%
-36.891,-5.61599999999993,241,241,37710150,,12.54,53.45,-76.53,-100% a -75%
-36.723,-5.25699999999995,242,242,37761000,,14.21,31.65,-55.11,"-74,9% a -50%"
-35.4209999999999,-5.62999999999994,243,243,38170000,,1.42,3.5,-59.25,"-74,9% a -50%"
-35.312,-6.06299999999993,244,244,38485000,,1.29,1.84,-29.77,"-49,9% a -25%"
-35.5289999999999,-6.60499999999996,245,245,38650000,,0.16,1.83,-91.2,-100% a -75%
-35.468,-7.02999999999997,246,246,38750000,,2.52,3.2,-21.42,"-24,9% a -5%"
-35.163,-6.85199999999998,247,247,38790000,,3.43,11.54,-70.25,"-74,9% a -50%"
-36.5049999999999,-7.72099999999995,248,248,38830000,,2.95,4.26,-30.57,"-49,9% a -25%"
-36.434,-7.39799999999997,249,249,38850000,,0.59,2.5,-76.34,-100% a -75%
-35.9999999999999,-7.52799999999996,250,250,38860000,,2.68,6.68,-59.91,"-74,9% a -50%"
-35.3729999999999,-7.33399999999995,251,251,38880000,,4.17,10.15,-58.9,"-74,9% a -50%"
-35.0479999999999,-7.12999999999994,252,252,38895000,,12.2,20.43,-40.3,"-49,9% a -25%"
-35.1179999999999,-7.55799999999994,253,253,39083000,,3.43,4.55,-24.48,"-24,9% a -5%"
-35.2329999999999,-7.75399999999996,254,254,39084010,,1.48,3.68,-59.69,"-74,9% a -50%"
-35.0649999999999,-7.61299999999994,255,255,39084020,,4.07,7.95,-48.78,"-49,9% a -25%"
-36.2019999999999,-7.96199999999993,256,256,39100000,,0.28,0.58,-50.83,"-74,9% a -50%"
-36.0579999999999,-8.01299999999998,257,257,39130000,,0.64,1.69,-62.3,"-74,9% a -50%"
-35.634,-7.94299999999993,258,258,39140000,,1.17,2.78,-58.06,"-74,9% a -50%"
-35.4519999999999,-7.87899999999996,259,259,39145000,,2.54,3.9,-34.91,"-49,9% a -25%"
-35.1729999999999,-7.89399999999995,260,260,39150000,,4.28,7.55,-43.24,"-49,9% a -25%"
-35.2839999999999,-8.11399999999998,261,261,39170000,,1.83,2.03,-9.7,"-24,9% a -5%"
-35.0389999999999,-7.99899999999997,262,262,39187800,,6.27,9.64,-35,"-49,9% a -25%"
-35.0629999999999,-8.27899999999994,263,263,39200000,,5.74,13.83,-58.48,"-74,9% a -50%"
-36.011,-8.30299999999994,264,264,39340000,,0.81,2.3,-64.66,"-74,9% a -50%"
-35.365,-8.28199999999993,265,265,39360000,,5.78,7.27,-20.5,"-24,9% a -5%"
-35.306,-8.63799999999998,266,266,39480000,,22.77,28.18,-19.19,"-24,9% a -5%"
-35.915,-8.49799999999993,267,267,39540000,,1.93,2.92,-33.85,"-49,9% a -25%"
-35.5769999999999,-8.67899999999997,268,268,39560000,,22.58,31.02,-27.23,"-49,9% a -25%"
-35.4469999999999,-8.84099999999995,269,269,39580000,,10.87,13.52,-19.6,"-24,9% a -5%"
-36.0359999999999,-9.15399999999994,270,270,39740000,,14.01,20.02,-29.99,"-49,9% a -25%"
-35.9499999999999,-9.31399999999996,271,271,39760000,,18.26,29.81,-38.75,"-49,9% a -25%"
-35.86,-9.46699999999993,272,272,39770000,,23.77,30.49,-22.04,"-24,9% a -5%"
-36.023,-9.50699999999995,273,273,39870000,,16.9,21.52,-21.46,"-24,9% a -5%"
-36.304,-10.0309999999999,274,274,39980000,,4.73,8.27,-42.79,"-49,9% a -25%"
-46.366,-20.328,275,275,40025000,,6.78,7.97,-14.98,"-24,9% a -5%"
-46.3029999999999,-20.151,276,276,40032000,,15.36,18.14,-15.32,"-24,9% a -5%"
-46.232,-20.216,277,277,40037000,,19.69,21.57,-8.73,"-24,9% a -5%"
-46.062,-20.095,278,278,40040000,,5.16,4.97,3.75,"-4,9% a 5%"
-45.716,-20.17,279,279,40050000,,99.05,111.93,-11.51,"-24,9% a -5%"
-45.66,-20.237,280,280,40053000,,3.04,3.97,-23.44,"-24,9% a -5%"
-46.0169999999999,-19.888,281,281,40060001,,9.91,11.88,-16.56,"-24,9% a -5%"
-45.479,-19.776,282,282,40070000,,159.06,190.54,-16.52,"-24,9% a -5%"
-45.275,-19.2809999999999,283,283,40100000,,165.83,230.69,-28.12,"-49,9% a -25%"
-44.794,-20.1809999999999,284,284,40150000,,23.81,35.8,-33.49,"-49,9% a -25%"
-44.9179999999999,-20.2169999999999,285,285,40170000,,8.86,13.93,-36.43,"-49,9% a -25%"
-44.893,-20.1849999999999,286,286,40185000,,17.13,25.61,-33.11,"-49,9% a -25%"
-44.5819999999999,-20.067,287,287,40269900,,2.22,4.64,-52.2,"-74,9% a -50%"
-44.818,-19.744,288,288,40300001,,10.69,19.77,-45.94,"-49,9% a -25%"
-44.931,-19.694,289,289,40330000,,59.24,102.3,-42.09,"-49,9% a -25%"
-45.117,-19.754,290,290,40400000,,14.28,26.48,-46.06,"-49,9% a -25%"
-45.11,-19.287,291,291,40450001,,79.31,142.01,-44.15,"-49,9% a -25%"
-45.2209999999999,-19.3319999999999,292,292,40500000,,3.53,8.14,-56.66,"-74,9% a -50%"
-43.9089999999999,-20.6039999999999,293,293,40549998,,6.17,7.69,-19.86,"-24,9% a -5%"
-43.836,-20.5189999999999,294,294,40579995,,8.86,10.43,-15.14,"-24,9% a -5%"
-44.0719999999999,-20.6609999999999,295,295,40680000,,5.94,8.81,-32.62,"-49,9% a -25%"
-44.0219999999999,-20.408,296,296,40710000,,42.74,49.09,-12.94,"-24,9% a -5%"
-44.1609999999999,-20.167,297,297,40740000,,46.47,61.87,-24.88,"-24,9% a -5%"
-44.3049999999999,-19.949,298,298,40800001,,61.42,82.19,-25.27,"-49,9% a -25%"
-44.4379999999999,-20.0869999999999,299,299,40810800,,0.37,0.74,-49.22,"-49,9% a -25%"
-44.4089999999999,-20.0479999999999,300,300,40811100,,0.76,1.45,-47.48,"-49,9% a -25%"
-44.439,-19.985,301,301,40822995,,0.89,1.06,-16.1,"-24,9% a -5%"
-44.366,-19.961,302,302,40823500,,1.38,2.08,-33.54,"-49,9% a -25%"
-44.5479999999999,-19.4229999999999,303,303,40850000,,78.11,120.71,-35.3,"-49,9% a -25%"
-45.886,-19.396,304,304,40930000,,17.12,18.07,-5.24,"-24,9% a -5%"
-45.646,-18.4669999999999,305,305,40975000,,14.91,21.02,-29.1,"-49,9% a -25%"
-46.04,-18.706,306,306,41050000,,13.83,19.13,-27.72,"-49,9% a -25%"
-45.737,-18.403,307,307,41075001,,55.13,69.71,-20.91,"-24,9% a -5%"
-44.943,-17.369,308,308,41135000,,490.28,814.74,-39.82,"-49,9% a -25%"
-43.8,-20.288,309,309,41180000,,6.52,7.33,-11.13,"-24,9% a -5%"
-43.824,-20.025,310,310,41199998,,23.36,29.4,-20.55,"-24,9% a -5%"
-43.9209999999999,-19.6879999999999,311,311,41250000,,6.27,8.61,-27.21,"-49,9% a -25%"
-43.8149999999999,-19.7049999999999,312,312,41260000,,47.96,61.13,-21.54,"-24,9% a -5%"
-43.6879999999999,-19.6539999999999,313,313,41300000,,6.72,9.64,-30.25,"-49,9% a -25%"
-43.9109999999999,-19.5599999999999,314,314,41340000,,63.93,77.45,-17.45,"-24,9% a -5%"
-43.9039999999999,-19.4619999999999,315,315,41380000,,4.56,6.4,-28.75,"-49,9% a -25%"
-44.025,-19.2309999999999,316,316,41410000,,75.6,102.12,-25.97,"-49,9% a -25%"
-44.153,-19.371,317,317,41440005,,1.87,3.05,-38.46,"-49,9% a -25%"
-44.038,-19.011,318,318,41600000,,77.59,106.33,-27.03,"-49,9% a -25%"
-44.194,-18.6729999999999,319,319,41650002,,90.95,126.84,-28.29,"-49,9% a -25%"
-44.285,-18.6039999999999,320,320,41685000,,1.12,2.83,-60.36,"-74,9% a -50%"
-44.0509999999999,-18.645,321,321,41780002,,54.39,72.1,-24.57,"-24,9% a -5%"
-44.2259999999999,-18.3059999999999,322,322,41818000,,145.88,194.67,-25.06,"-49,9% a -25%"
-44.1779999999999,-17.996,323,323,41890000,,14.69,19,-22.71,"-24,9% a -5%"
-44.556,-18.191,324,324,41940000,,7.98,18.09,-55.88,"-74,9% a -50%"
-44.713,-17.5959999999999,325,325,41990000,,212.09,293.26,-27.68,"-49,9% a -25%"
-44.217,-17.28,326,326,42089998,,22.35,28.15,-20.61,"-24,9% a -5%"
-44.46,-17.21,327,327,42145498,,31.25,41.04,-23.86,"-24,9% a -5%"
-44.376,-16.4669999999999,328,328,42187000,,2.71,4.93,-45.06,"-49,9% a -25%"
-45.081,-16.657,329,329,42210000,,743.43,1183.22,-37.17,"-49,9% a -25%"
-47.011,-17.915,330,330,42250000,,6.06,7.86,-22.9,"-24,9% a -5%"
-46.859,-17.6129999999999,331,331,42251000,,20.49,27.85,-26.44,"-49,9% a -25%"
-46.646,-17.513,332,332,42257000,,21.28,30.19,-29.51,"-49,9% a -25%"
-46.571,-17.5029999999999,333,333,42290000,,61.07,97.42,-37.31,"-49,9% a -25%"
-46.473,-17.2549999999999,334,334,42395000,,105.43,158.21,-33.36,"-49,9% a -25%"
-46.5869999999999,-16.874,335,335,42435000,,11.14,16.35,-31.84,"-49,9% a -25%"
-46.819,-17.042,336,336,42440000,,5.98,8.14,-26.45,"-49,9% a -25%"
-47.2329999999999,-16.2089999999999,337,337,42460000,,76.38,55.41,37.85,"25,1% a 50%"
-46.8799999999999,-16.3489999999999,338,338,42490000,,43.44,66.92,-35.08,"-49,9% a -25%"
-46.8,-16.249,339,339,42545002,,4.58,4.41,3.97,"-4,9% a 5%"
-46.669,-16.4929999999999,340,340,42545500,,5.99,7.13,-16.01,"-24,9% a -5%"
-46.746,-16.1349999999999,341,341,42546000,,5.38,7.44,-27.63,"-49,9% a -25%"
-46.357,-16.84,342,342,42600000,,73.68,107.12,-31.22,"-49,9% a -25%"
-46.014,-17.03,343,343,42690001,,208.89,330.45,-36.79,"-49,9% a -25%"
-45.759,-18.139,344,344,42840000,,2.36,3.34,-29.37,"-49,9% a -25%"
-45.533,-17.3509999999999,345,345,42850000,,38.45,51.6,-25.48,"-49,9% a -25%"
-45.436,-17.121,346,346,42860000,,44.38,60.09,-26.15,"-49,9% a -25%"
-45.0699999999999,-16.372,347,347,43200000,,1021.81,1609.31,-36.51,"-49,9% a -25%"
-46.412,-15.6079999999999,348,348,43250002,,21.33,39.11,-45.47,"-49,9% a -25%"
-46.2839999999999,-15.5239999999999,349,349,43300000,,30.64,44.85,-31.7,"-49,9% a -25%"
-46.119,-15.9179999999999,350,350,43429998,,76.89,131.75,-41.64,"-49,9% a -25%"
-45.742,-16.133,351,351,43670000,,106.92,185.88,-42.48,"-49,9% a -25%"
-45.74,-16.429,352,352,43675000,,17.26,25.11,-31.27,"-49,9% a -25%"
-45.4139999999999,-16.2809999999999,353,353,43880000,,129.97,230.1,-43.52,"-49,9% a -25%"
-45.237,-16.268,354,354,43980002,,146.43,202.1,-27.55,"-49,9% a -25%"
-44.8679999999999,-15.949,355,355,44200000,,1164.1,1844.43,-36.89,"-49,9% a -25%"
-44.768,-15.4829999999999,356,356,44250000,,12.59,20.69,-39.13,"-49,9% a -25%"
-44.3969999999999,-15.6009999999999,357,357,44290002,,1182.88,1916.19,-38.27,"-49,9% a -25%"
-43.6759999999999,-15.343,358,358,44670000,,8.74,13.72,-36.27,"-49,9% a -25%"
-44.4589999999999,-14.314,359,359,45131000,,41.37,63.62,-34.98,"-49,9% a -25%"
-44.523,-14.264,360,360,45170001,,41.7,57.91,-27.99,"-49,9% a -25%"
-44.41,-14.2809999999999,361,361,45210000,,81.03,120.79,-32.92,"-49,9% a -25%"
-44.4829999999999,-14.424,362,362,45220000,,6.33,10.62,-40.38,"-49,9% a -25%"
-44.1519999999999,-14.2599999999999,363,363,45260000,,88.7,130.94,-32.26,"-49,9% a -25%"
-43.763,-14.304,364,364,45298000,,1316.2,1991.59,-33.91,"-49,9% a -25%"
-43.4349999999999,-13.2569999999999,365,365,45480000,,1248.35,2076.3,-39.88,"-49,9% a -25%"
-44.639,-13.341,366,366,45590000,,25.28,31.35,-19.36,"-24,9% a -5%"
-44.562,-13.285,367,367,45740001,,28.46,38.46,-25.99,"-49,9% a -25%"
-44.569,-13.453,368,368,45770000,,41.64,54.88,-24.12,"-24,9% a -5%"
-44.638,-13.7119999999999,369,369,45840000,,53.05,75.07,-29.33,"-49,9% a -25%"
-44.3029999999999,-13.559,370,370,45880000,,51.84,76.38,-32.13,"-49,9% a -25%"
-44.199,-13.401,371,371,45910001,,152.62,197.98,-22.91,"-24,9% a -5%"
-43.9089999999999,-13.2909999999999,372,372,45960001,,145.79,202.92,-28.15,"-49,9% a -25%"
-43.3799999999999,-12.869,373,373,46035000,,1430.22,2298.81,-37.78,"-49,9% a -25%"
-43.2259999999999,-12.6969999999999,374,374,46105000,,1445.1,2236.16,-35.38,"-49,9% a -25%"
-43.223,-12.1829999999999,375,375,46150000,,1369.34,2251.57,-39.18,"-49,9% a -25%"
-43.283,-11.5579999999999,376,376,46360000,,1389.48,2292.23,-39.38,"-49,9% a -25%"
-45.086,-12.4309999999999,377,377,46415000,,19.86,29.67,-33.06,"-49,9% a -25%"
-45.122,-12.4109999999999,378,378,46455000,,36.6,47.7,-23.27,"-24,9% a -5%"
-44.953,-12.4039999999999,379,379,46490000,,2.93,5.32,-44.94,"-49,9% a -25%"
-45.103,-12.136,380,380,46543000,,33.21,46.99,-29.33,"-49,9% a -25%"
-45.009,-12.153,381,381,46550000,,61.12,82.92,-26.28,"-49,9% a -25%"
-45.6079999999999,-11.895,382,382,46570000,,9.34,13.64,-31.54,"-49,9% a -25%"
-45.1199999999999,-11.8559999999999,383,383,46590000,,38.2,48.14,-20.66,"-24,9% a -5%"
-44.877,-11.9789999999999,384,384,46610000,,135.03,178.34,-24.28,"-24,9% a -5%"
-44.502,-11.7209999999999,385,385,46650000,,134.73,177.49,-24.09,"-24,9% a -5%"
-44.157,-11.6109999999999,386,386,46675000,,132.36,172.71,-23.36,"-24,9% a -5%"
-45.528,-10.994,387,387,46770000,,29.78,33.02,-9.82,"-24,9% a -5%"
-45.1969999999999,-11.0509999999999,388,388,46790000,,83.3,95.22,-12.52,"-24,9% a -5%"
-43.949,-11.2359999999999,389,389,46870000,,90.86,100.35,-9.46,"-24,9% a -5%"
-43.826,-11.345,390,390,46902000,,225.62,274.42,-17.78,"-24,9% a -5%"
-42.3439999999999,-10.984,391,391,47249000,,0.12,1.79,-93.06,-100% a -75%
-40.6949999999999,-10.0099999999999,392,392,47900000,,1.22,0.67,83.69,"75,1% a 100%"
-40.504,-9.40599999999995,393,393,48020000,,1318.01,2145.49,-38.57,"-49,9% a -25%"
-39.824,-8.80999999999995,394,394,48290000,,1241.22,2117.93,-41.39,"-49,9% a -25%"
-39.244,-8.62599999999998,395,395,48590000,,1253.86,2085.38,-39.87,"-49,9% a -25%"
-38.2449999999999,-8.00099999999998,396,396,48840000,,1.37,7.41,-81.56,-100% a -75%
-38.1659999999999,-8.52799999999996,397,397,48880000,,0.55,1.9,-71.23,"-74,9% a -50%"
-37.756,-9.62599999999998,398,398,49330000,,1139.07,2041.51,-44.2,"-49,9% a -25%"
-37.446,-9.75099999999998,399,399,49370000,,1212.44,2142.29,-43.4,"-49,9% a -25%"
-37.162,-9.09299999999996,400,400,49480000,,0.81,2.78,-70.98,"-74,9% a -50%"
-37.0029999999999,-9.97099999999995,401,401,49660000,,1270.85,2149.14,-40.87,"-49,9% a -25%"
-36.824,-10.2139999999999,402,402,49705000,,1225.27,2037.39,-39.86,"-49,9% a -25%"
-36.961,-10.5889999999999,403,403,50040000,,1.86,3.6,-48.37,"-49,9% a -25%"
-36.9139999999999,-10.581,404,404,50043000,,1.97,1.69,16.17,"5,1% a 25%"
-37.0359999999999,-10.6969999999999,405,405,50047000,,2.18,3.42,-36.32,"-49,9% a -25%"
-37.1899999999999,-10.6639999999999,406,406,50080000,,2.82,3.92,-28.03,"-49,9% a -25%"
-38.5989999999999,-10.006,407,407,50146000,,0.36,0.82,-56.16,"-74,9% a -50%"
-38.326,-10.0919999999999,408,408,50150000,,0.97,1.37,-28.92,"-49,9% a -25%"
-37.347,-10.9429999999999,409,409,50191000,,7.37,11.02,-33.14,"-49,9% a -25%"
-37.443,-11.264,410,410,50230000,,5.02,5.48,-8.45,"-24,9% a -5%"
-37.975,-11.1929999999999,411,411,50250000,,1.37,2.61,-47.44,"-49,9% a -25%"
-37.568,-11.54,412,412,50290000,,5.28,11.95,-55.82,"-74,9% a -50%"
-40.1129999999999,-10.845,413,413,50380000,,3.8,5.32,-28.67,"-49,9% a -25%"
-40.47,-11.211,414,414,50420000,,0.82,1.57,-47.78,"-49,9% a -25%"
-40.047,-11.182,415,415,50430000,,1.55,2.18,-28.81,"-49,9% a -25%"
-39.633,-10.973,416,416,50465000,,4.84,11.35,-57.39,"-74,9% a -50%"
-39.2239999999999,-10.999,417,417,50494000,,14.54,15.5,-6.21,"-24,9% a -5%"
-38.8369999999999,-11.0599999999999,418,418,50520000,,7.78,18.23,-57.32,"-74,9% a -50%"
-38.513,-11.098,419,419,50540000,,5.94,15.09,-60.66,"-74,9% a -50%"
-37.8029999999999,-11.735,420,420,50595000,,12.7,22.84,-44.38,"-49,9% a -25%"
-38.347,-11.7819999999999,421,421,50620000,,1.73,2.05,-15.56,"-24,9% a -5%"
-37.7549999999999,-12.054,422,422,50660000,,5.63,10.12,-44.32,"-49,9% a -25%"
-38.7909999999999,-12.3319999999999,423,423,50720000,,0.33,0.97,-65.66,"-74,9% a -50%"
-38.764,-12.2359999999999,424,424,50730000,,0.1,0.57,-81.78,-100% a -75%
-38.6419999999999,-12.307,425,425,50740000,,0.75,1.7,-56.14,"-74,9% a -50%"
-38.3219999999999,-12.4209999999999,426,426,50755000,,7.38,10.36,-28.74,"-49,9% a -25%"
-38.133,-12.376,427,427,50785000,,13.87,23.11,-39.96,"-49,9% a -25%"
-38.067,-12.5119999999999,428,428,50795000,,14.73,26.95,-45.35,"-49,9% a -25%"
-38.496,-12.509,429,429,50820000,,1.18,3.23,-63.29,"-74,9% a -50%"
-41.3219999999999,-12.841,430,430,51120000,,11.94,17.04,-29.97,"-49,9% a -25%"
-41.329,-12.4909999999999,431,431,51140000,,6.14,10.06,-38.94,"-49,9% a -25%"
-41.206,-12.501,432,432,51170000,,0.85,2.81,-69.67,"-74,9% a -50%"
-41.329,-12.7569999999999,433,433,51190000,,19.16,25.46,-24.74,"-24,9% a -5%"
-41.064,-12.936,434,434,51230000,,10.6,14.97,-29.18,"-49,9% a -25%"
-40.958,-12.9859999999999,435,435,51240000,,34.73,52.97,-34.43,"-49,9% a -25%"
-40.2139999999999,-12.7619999999999,436,436,51280000,,47.81,56.22,-14.95,"-24,9% a -5%"
-39.848,-12.516,437,437,51330000,,44.17,55.84,-20.89,"-24,9% a -5%"
-39.5219999999999,-12.586,438,438,51350000,,35.17,66.36,-47.01,"-49,9% a -25%"
-39.788,-11.47,439,439,51430000,,0.32,1.16,-72.5,"-74,9% a -50%"
-39.3869999999999,-11.807,440,440,51440000,,1.05,3.09,-66.04,"-74,9% a -50%"
-39.0459999999999,-12.2329999999999,441,441,51460000,,8.28,8.03,3.06,"-4,9% a 5%"
-39.0309999999999,-13.0339999999999,442,442,51560000,,6.01,6.76,-11.1,"-24,9% a -5%"
-39.5029999999999,-13.227,443,443,51650000,,3.23,5.4,-40.26,"-49,9% a -25%"
-39.318,-13.174,444,444,51685000,,5.93,10.7,-44.54,"-49,9% a -25%"
-39.3219999999999,-13.283,445,445,51750000,,2.97,3.75,-20.75,"-24,9% a -5%"
-39.08,-13.365,446,446,51795000,,11.11,15.87,-30,"-49,9% a -25%"
-39.477,-13.6849999999999,447,447,51820000,,6.3,9.12,-30.93,"-49,9% a -25%"
-39.729,-13.487,448,448,51840000,,0.49,1.11,-56.22,"-74,9% a -50%"
-39.4909999999999,-13.6059999999999,449,449,51870000,,7.78,10.05,-22.6,"-24,9% a -5%"
-39.1759999999999,-13.785,450,450,51940000,,4.78,5.14,-6.93,"-24,9% a -5%"
-41.6059999999999,-13.653,451,451,52050000,,5.32,5.4,-1.51,"-4,9% a 5%"
-41.292,-14.0959999999999,452,452,52270000,,12.11,17.63,-31.33,"-49,9% a -25%"
-41.1369999999999,-14.61,453,453,52370000,,2.73,6.1,-55.22,"-74,9% a -50%"
-40.9829999999999,-14.0309999999999,454,454,52404000,,17.18,17.98,-4.46,"-4,9% a 5%"
-40.896,-13.8779999999999,455,455,52405000,,13.99,25.06,-44.17,"-49,9% a -25%"
-40.081,-13.865,456,456,52570000,,9.13,29.92,-69.5,"-74,9% a -50%"
-39.704,-14.15,457,457,52680000,,28.17,39.12,-27.99,"-49,9% a -25%"
-39.5459999999999,-14.2089999999999,458,458,52695000,,32.91,40.66,-19.05,"-24,9% a -5%"
-39.9039999999999,-14.437,459,459,52760000,,12.58,15.54,-19.04,"-24,9% a -5%"
-39.4639999999999,-14.3249999999999,460,460,52790000,,15.98,34.51,-53.68,"-74,9% a -50%"
-39.317,-14.317,461,461,52831000,,32.92,84.08,-60.84,"-74,9% a -50%"
-39.377,-14.674,462,462,53050000,,6.37,7.09,-10.13,"-24,9% a -5%"
-39.223,-14.658,463,463,53091000,,14.47,14.54,-0.42,"-4,9% a 5%"
-39.723,-15.1439999999999,464,464,53130000,,1.86,6.09,-69.51,"-74,9% a -50%"
-39.468,-14.934,465,465,53140000,,4.31,9.41,-54.15,"-74,9% a -50%"
-39.4809999999999,-14.8779999999999,466,466,53160000,,2.93,5.92,-50.55,"-74,9% a -50%"
-39.331,-14.8439999999999,467,467,53170000,,11.58,18.01,-35.72,"-49,9% a -25%"
-39.2959999999999,-14.8149999999999,468,468,53180000,,8.73,23.38,-62.66,"-74,9% a -50%"
-41.4499999999999,-15.494,469,469,53540001,,4.33,13.1,-66.95,"-74,9% a -50%"
-41.237,-15.513,470,470,53620000,,4.68,13.41,-65.09,"-74,9% a -50%"
-40.9329999999999,-15.34,471,471,53630000,,4.43,11.84,-62.56,"-74,9% a -50%"
-40.631,-15.2479999999999,472,472,53650000,,3.9,14.96,-73.93,"-74,9% a -50%"
-40.2329999999999,-15.2409999999999,473,473,53780000,,5.7,10.59,-46.18,"-49,9% a -25%"
-40.066,-15.391,474,474,53790000,,21.82,39.06,-44.14,"-49,9% a -25%"
-39.5169999999999,-15.6039999999999,475,475,53880000,,38.03,52.64,-27.75,"-49,9% a -25%"
-39.304,-15.569,476,476,53950000,,33.34,67.95,-50.93,"-74,9% a -50%"
-43.208,-17.3129999999999,477,477,54010005,,58.53,82.89,-29.39,"-49,9% a -25%"
-42.9179999999999,-16.591,478,478,54110002,,9.9,23.42,-57.72,"-74,9% a -50%"
-42.4859999999999,-16.679,479,479,54150000,,94.85,129.06,-26.51,"-49,9% a -25%"
-42.585,-16.1929999999999,480,480,54165000,,2.98,6.79,-56.06,"-74,9% a -50%"
-42.3099999999999,-16.6179999999999,481,481,54195000,,86.85,142.72,-39.15,"-49,9% a -25%"
-42.9949999999999,-17.579,482,482,54230000,,14.55,28.31,-48.61,"-49,9% a -25%"
-42.8079999999999,-17.283,483,483,54260000,,27,53.32,-49.35,"-49,9% a -25%"
-42.348,-16.86,484,484,54390000,,36.42,69.93,-47.92,"-49,9% a -25%"
-42.116,-16.9709999999999,485,485,54485000,,1.73,3.42,-49.51,"-49,9% a -25%"
-42.079,-16.8509999999999,486,486,54500000,,41.54,83.48,-50.24,"-74,9% a -50%"
-41.5029999999999,-16.569,487,487,54580000,,153.26,247.47,-38.07,"-49,9% a -25%"
-41.499,-16.689,488,488,54590000,,2.26,4.25,-46.82,"-49,9% a -25%"
-41.014,-16.4279999999999,489,489,54710000,,154.06,251.26,-38.68,"-49,9% a -25%"
-41.028,-16.622,490,490,54730005,,4.72,8.71,-45.81,"-49,9% a -25%"
-40.739,-16.1199999999999,491,491,54770000,,1.8,5.49,-67.27,"-74,9% a -50%"
-40.306,-16.136,492,492,54780000,,178.66,289.42,-38.27,"-49,9% a -25%"
-39.354,-16.424,493,493,55170000,,14.7,24.53,-40.07,"-49,9% a -25%"
-40.1559999999999,-16.8389999999999,494,494,55330000,,3.57,7.16,-50.14,"-74,9% a -50%"
-39.544,-17.045,495,495,55340000,,19.35,28.25,-31.5,"-49,9% a -25%"
-39.982,-17.1879999999999,496,496,55360000,,9.95,14.04,-29.16,"-49,9% a -25%"
-39.7739999999999,-17.2529999999999,497,497,55370000,,15.16,23.69,-36,"-49,9% a -25%"
-39.621,-17.249,498,498,55380000,,16.25,26.24,-38.08,"-49,9% a -25%"
-40.2209999999999,-17.3749999999999,499,499,55460000,,12.19,20.84,-41.51,"-49,9% a -25%"
-39.645,-17.513,500,500,55490000,,16.99,34.83,-51.21,"-74,9% a -50%"
-39.6639999999999,-17.799,501,501,55510000,,5.99,17.79,-66.33,"-74,9% a -50%"
-41.491,-17.5959999999999,502,502,55520001,,4.67,11.9,-60.74,"-74,9% a -50%"
-41.249,-17.4859999999999,503,503,55560000,,20.13,44.42,-54.67,"-74,9% a -50%"
-41.122,-17.739,504,504,55610000,,5.14,11.36,-54.72,"-74,9% a -50%"
-40.7619999999999,-17.704,505,505,55630000,,29,67.97,-57.33,"-74,9% a -50%"
-40.6759999999999,-17.3199999999999,506,506,55660000,,8.55,18.11,-52.81,"-74,9% a -50%"
-40.3819999999999,-17.8419999999999,507,507,55699998,,41.03,88.94,-53.86,"-74,9% a -50%"
-41.112,-18.045,508,508,55790000,,2.76,5.13,-46.12,"-49,9% a -25%"
-40.883,-18.1229999999999,509,509,55800005,,12.69,23.82,-46.73,"-49,9% a -25%"
-40.336,-18.564,510,510,55850000,,23.07,39.99,-42.32,"-49,9% a -25%"
-40.915,-18.756,511,511,55900000,,1.45,1.96,-25.76,"-49,9% a -25%"
-40.442,-18.701,512,512,55920000,,19.45,33.93,-42.67,"-49,9% a -25%"
-40.0889999999999,-18.651,513,513,55960000,,50.61,80.46,-37.09,"-49,9% a -25%"
-43.299,-20.691,514,514,56028000,,16.57,23.13,-28.35,"-49,9% a -25%"
-43.242,-20.848,515,515,56055000,,15.87,21.01,-24.48,"-24,9% a -5%"
-43.097,-20.912,516,516,56065000,,3.4,5.22,-34.88,"-49,9% a -25%"
-43.088,-20.67,517,517,56075000,,52.26,72.45,-27.87,"-49,9% a -25%"
-42.9229999999999,-20.723,518,518,56085000,,3.13,4.11,-23.98,"-24,9% a -5%"
-42.9999999999999,-20.7139999999999,519,519,56090000,,2.72,3.97,-31.53,"-49,9% a -25%"
-42.903,-20.384,520,520,56110005,,68.99,99.1,-30.39,"-49,9% a -25%"
-43.182,-20.3899999999999,521,521,56240000,,15.04,17.99,-16.38,"-24,9% a -5%"
-43.139,-20.3609999999999,522,522,56335001,,23.68,29.81,-20.57,"-24,9% a -5%"
-43.1009999999999,-20.2669999999999,523,523,56337000,,10.26,11.88,-13.59,"-24,9% a -5%"
-42.6729999999999,-20.6999999999999,524,524,56385000,,6.06,8.53,-28.94,"-49,9% a -25%"
-42.65,-20.2259999999999,525,525,56415000,,20.26,26.86,-24.56,"-24,9% a -5%"
-42.674,-19.994,526,526,56425000,,124.41,166.18,-25.13,"-49,9% a -25%"
-42.326,-20.2769999999999,527,527,56460000,,7.31,9.72,-24.78,"-24,9% a -5%"
-42.4399999999999,-20.1039999999999,528,528,56484998,,13.21,18.1,-27,"-49,9% a -25%"
-42.478,-20.299,529,529,56500000,,3.19,4.38,-27.19,"-49,9% a -25%"
-42.4589999999999,-20.098,530,530,56510000,,16.88,23.9,-29.36,"-49,9% a -25%"
-42.4759999999999,-19.7769999999999,531,531,56539000,,165.45,221.77,-25.39,"-49,9% a -25%"
-42.446,-19.7089999999999,532,532,56570000,,6.72,9.06,-25.82,"-49,9% a -25%"
-43.1729999999999,-19.932,533,533,56610000,,17.55,24.44,-28.2,"-49,9% a -25%"
-43.456,-19.9709999999999,534,534,56640000,,10.45,12.75,-18.05,"-24,9% a -5%"
-43.033,-19.766,535,535,56659998,,41.63,55.88,-25.5,"-49,9% a -25%"
-42.641,-19.525,536,536,56696000,,62.78,89.3,-29.69,"-49,9% a -25%"
-42.376,-19.3299999999999,537,537,56719998,,244.96,330.11,-25.79,"-49,9% a -25%"
-43.446,-19.014,538,538,56750000,,4.24,6.2,-31.6,"-49,9% a -25%"
-43.2429999999999,-18.961,539,539,56765000,,10.34,14.53,-28.85,"-49,9% a -25%"
-43.02,-19.232,540,540,56775000,,58.24,83.08,-29.9,"-49,9% a -25%"
-43.0699999999999,-19.3319999999999,541,541,56787000,,16.29,24.06,-32.28,"-49,9% a -25%"
-43.083,-18.895,542,542,56800000,,10.76,16.74,-35.73,"-49,9% a -25%"
-42.4229999999999,-19.1879999999999,543,543,56825000,,102.43,152.78,-32.95,"-49,9% a -25%"
-42.713,-18.895,544,544,56845000,,5.97,11.39,-47.59,"-49,9% a -25%"
-42.359,-18.9519999999999,545,545,56846000,,14.98,24.5,-38.84,"-49,9% a -25%"
-41.951,-18.883,546,546,56850000,,392.05,547.14,-28.35,"-49,9% a -25%"
-41.7309999999999,-18.239,547,547,56851000,,1.72,4.39,-60.83,"-74,9% a -50%"
-42.602,-18.3629999999999,548,548,56860000,,14.37,25.96,-44.65,"-49,9% a -25%"
-42.455,-18.2019999999999,549,549,56870000,,2.92,6.13,-52.36,"-74,9% a -50%"
-41.9179999999999,-18.5749999999999,550,550,56891900,,30.96,72.97,-57.57,"-74,9% a -50%"
-41.6419999999999,-18.9709999999999,551,551,56920000,,433.68,686.34,-36.81,"-49,9% a -25%"
-42.103,-19.3729999999999,552,552,56935000,,6.5,9.36,-30.58,"-49,9% a -25%"
-41.533,-19.062,553,553,56940002,,23.01,28.65,-19.69,"-24,9% a -5%"
-41.961,-20.1709999999999,554,554,56960005,,13.03,17.65,-26.17,"-49,9% a -25%"
-41.785,-19.7429999999999,555,555,56976000,,32.3,39.73,-18.71,"-24,9% a -5%"
-41.836,-19.679,556,556,56978000,,32.26,41.27,-21.84,"-24,9% a -5%"
-41.728,-20.107,557,557,56983000,,5.21,6.9,-24.58,"-24,9% a -5%"
-41.706,-19.799,558,558,56988500,,22.98,20.94,9.73,"5,1% a 25%"
-41.4379999999999,-19.811,559,559,56989001,,10.4,13.36,-22.21,"-24,9% a -5%"
-41.458,-19.595,560,560,56989400,,28.84,35.99,-19.88,"-24,9% a -5%"
-41.162,-19.4929999999999,561,561,56990000,,75.86,100.19,-24.28,"-24,9% a -5%"
-41.124,-20.078,562,562,56990990,,3.97,6.53,-39.14,"-49,9% a -25%"
-41.0579999999999,-19.901,563,563,56991500,,11.24,17.48,-35.73,"-49,9% a -25%"
-41.014,-19.5239999999999,564,564,56992000,,13.24,21.34,-37.94,"-49,9% a -25%"
-40.7329999999999,-19.559,565,565,56993551,,7.85,7.69,1.98,"-4,9% a 5%"
-40.6299999999999,-19.533,566,566,56994500,,613.35,836.79,-26.7,"-49,9% a -25%"
-40.624,-19.53,567,567,56994510,,664.53,886.43,-25.03,"-49,9% a -25%"
-40.686,-19.4229999999999,568,568,56995500,,8.66,10.35,-16.32,"-24,9% a -5%"
-40.5339999999999,-19.0409999999999,569,569,56998400,,8.96,13.69,-34.5,"-49,9% a -25%"
-40.542,-19.9639999999999,570,570,57040008,,1.74,1.86,-6.44,"-24,9% a -5%"
-40.528,-20.1,571,571,57130000,,10.7,12.6,-15.12,"-24,9% a -5%"
-40.6519999999999,-20.316,572,572,57170000,,11,13.24,-16.94,"-24,9% a -5%"
-40.485,-20.415,573,573,57230000,,20.72,25.59,-19.02,"-24,9% a -5%"
-40.812,-20.557,574,574,57250000,,4.08,5.61,-27.4,"-49,9% a -25%"
-40.946,-20.886,575,575,57300000,,5.17,7.05,-26.7,"-49,9% a -25%"
-40.828,-20.7769999999999,576,576,57320000,,3.88,3.98,-2.47,"-4,9% a 5%"
-41.4089999999999,-20.372,577,577,57350000,,3.1,4.72,-34.2,"-49,9% a -25%"
-41.5339999999999,-20.353,578,578,57360000,,5.85,7.85,-25.49,"-49,9% a -25%"
-41.5029999999999,-20.4299999999999,579,579,57370000,,8.49,10.83,-21.53,"-24,9% a -5%"
-41.511,-20.528,580,580,57400000,,13.98,18.45,-24.23,"-24,9% a -5%"
-41.6659999999999,-20.5409999999999,581,581,57420000,,10.64,12.69,-16.15,"-24,9% a -5%"
-41.466,-20.747,582,582,57450000,,36.21,44.25,-18.17,"-24,9% a -5%"
-41.275,-20.427,583,583,57476500,,5.47,7.82,-30,"-49,9% a -25%"
-41.1999999999999,-20.6059999999999,584,584,57490000,,12.08,14.92,-19.05,"-24,9% a -5%"
-41.174,-20.703,585,585,57550000,,18.07,23.19,-22.08,"-24,9% a -5%"
-40.953,-20.953,586,586,57580000,,67.66,83.8,-19.26,"-24,9% a -5%"
-41.086,-21.0169999999999,587,587,57650000,,4.1,5.44,-24.6,"-24,9% a -5%"
-41.9209999999999,-20.6949999999999,588,588,57700000,,7.32,7.65,-4.39,"-4,9% a 5%"
-41.847,-20.686,589,589,57720000,,4.59,5.46,-15.92,"-24,9% a -5%"
-41.681,-20.7719999999999,590,590,57740000,,8.88,10.74,-17.36,"-24,9% a -5%"
-41.6519999999999,-21.0289999999999,591,591,57770000,,1.3,2.21,-40.97,"-49,9% a -25%"
-41.4639999999999,-21.206,592,592,57830000,,36.15,48.26,-25.09,"-49,9% a -25%"
-41.3629999999999,-21.0649999999999,593,593,57880000,,5.55,8.08,-31.26,"-49,9% a -25%"
-41.3079999999999,-21.222,594,594,57930000,,42.68,63.25,-32.52,"-49,9% a -25%"
-45.044,-22.994,595,595,58030000,,12.37,13.78,-10.28,"-24,9% a -5%"
-45.307,-23.239,596,596,58040000,,25.16,29.96,-16,"-24,9% a -5%"
-45.1439999999999,-23.3299999999999,597,597,58060000,,7.03,8.25,-14.76,"-24,9% a -5%"
-45.878,-23.367,598,598,58096000,,75.41,77.81,-3.08,"-4,9% a 5%"
-45.9,-23.369,599,599,58099000,,68.89,78.64,-12.4,"-24,9% a -5%"
-45.907,-23.1249999999999,600,600,58142200,,6.99,8.94,-21.81,"-24,9% a -5%"
-45.47,-22.912,601,601,58183000,,137.53,148.75,-7.54,"-24,9% a -5%"
-45.1829999999999,-22.812,602,602,58204000,,153.2,173.74,-11.83,"-24,9% a -5%"
-45.013,-22.662,603,603,58218000,,191.58,181.97,5.28,"5,1% a 25%"
-44.975,-22.6929999999999,604,604,58220000,,2.74,3.67,-25.39,"-49,9% a -25%"
-44.773,-22.54,605,605,58235100,,173.78,218.09,-20.32,"-24,9% a -5%"
-44.554,-22.4999999999999,606,606,58242000,,181.12,196.59,-7.87,"-24,9% a -5%"
-44.4449999999999,-22.4669999999999,607,607,58250000,,188.62,225.43,-16.33,"-24,9% a -5%"
-44.4159999999999,-22.386,608,608,58258000,,5.49,7.03,-21.89,"-24,9% a -5%"
-44.229,-22.478,609,609,58270000,,5.59,8.74,-36.02,"-49,9% a -25%"
-44.091,-22.502,610,610,58305001,,228.48,276.07,-17.24,"-24,9% a -5%"
-43.2859999999999,-22.163,611,611,58380001,,108.32,150.5,-28.03,"-49,9% a -25%"
-43.1319999999999,-22.3319999999999,612,612,58405000,,10.11,11.73,-13.83,"-24,9% a -5%"
-42.8969999999999,-22.199,613,613,58420000,,17.35,16.08,7.92,"5,1% a 25%"
-43.008,-22.1929999999999,614,614,58425000,,16.16,19.09,-15.35,"-24,9% a -5%"
-43.1779999999999,-22.3,615,615,58434000,,2.92,3.88,-24.74,"-24,9% a -5%"
-43.1539999999999,-22.1399999999999,616,616,58440000,,39.87,36.58,9.01,"5,1% a 25%"
-43.5049999999999,-21.5939999999999,617,617,58470000,,6.46,7.32,-11.76,"-24,9% a -5%"
-43.3249999999999,-21.778,618,618,58480500,,17.45,20.66,-15.53,"-24,9% a -5%"
-43.8849999999999,-21.855,619,619,58500000,,3.9,3.11,25.53,"25,1% a 50%"
-43.444,-21.859,620,620,58516500,,35.3,45.87,-23.04,"-24,9% a -5%"
-43.374,-21.9669999999999,621,621,58520000,,59.44,70.72,-15.95,"-24,9% a -5%"
-44.5389999999999,-22.3299999999999,622,622,58525000,,4.56,4.95,-7.92,"-24,9% a -5%"
-44.3899999999999,-22.271,623,623,58530000,,10.9,12.1,-9.9,"-24,9% a -5%"
-44.2649999999999,-22.244,624,624,58535000,,15.75,17.79,-11.47,"-24,9% a -5%"
-44.091,-22.1519999999999,625,625,58542000,,10.24,12.47,-17.89,"-24,9% a -5%"
-43.8199999999999,-22.086,626,626,58550001,,49.15,53.56,-8.23,"-24,9% a -5%"
-43.71,-22.2239999999999,627,627,58560000,,2.03,3.07,-33.8,"-49,9% a -25%"
-43.753,-22.157,628,628,58573000,,3.35,4.72,-29.05,"-49,9% a -25%"
-43.559,-22.0839999999999,629,629,58585000,,65.9,79.89,-17.51,"-24,9% a -5%"
-43.0409999999999,-21.896,630,630,58610000,,11.52,13.45,-14.32,"-24,9% a -5%"
-42.991,-22.035,631,631,58630002,,248.33,397.24,-37.48,"-49,9% a -25%"
-42.6779999999999,-22.05,632,632,58645000,,5.1,6.3,-18.95,"-24,9% a -5%"
-42.54,-21.768,633,633,58658000,,4.51,5.28,-14.56,"-24,9% a -5%"
-42.343,-21.658,634,634,58670002,,6.63,7.51,-11.69,"-24,9% a -5%"
-43.199,-21.3049999999999,635,635,58710000,,14.54,16.99,-14.39,"-24,9% a -5%"
-43.2479999999999,-21.355,636,636,58720000,,6.77,9.17,-26.19,"-49,9% a -25%"
-43.05,-21.3559999999999,637,637,58730001,,27.57,33.75,-18.3,"-24,9% a -5%"
-42.862,-21.307,638,638,58735000,,31.4,40.3,-22.1,"-24,9% a -5%"
-42.819,-21.2979999999999,639,639,58736000,,9.56,10.57,-9.54,"-24,9% a -5%"
-43.317,-21.497,640,640,58750000,,10.52,11.49,-8.47,"-24,9% a -5%"
-43.129,-21.4739999999999,641,641,58755000,,15.22,17.33,-12.15,"-24,9% a -5%"
-42.83,-21.4709999999999,642,642,58765001,,30,31.8,-5.65,"-24,9% a -5%"
-42.696,-21.389,643,643,58770000,,75.96,92.13,-17.55,"-24,9% a -5%"
-41.985,-21.626,644,644,58795000,,442.2,565.66,-21.83,"-24,9% a -5%"
-42.571,-22.2189999999999,645,645,58825000,,9.68,7.71,25.52,"25,1% a 50%"
-42.521,-22.227,646,646,58826000,,6.06,5.78,4.78,"-4,9% a 5%"
-42.4159999999999,-22.157,647,647,58827000,,13.82,14.59,-5.26,"-24,9% a -5%"
-42.134,-22.0239999999999,648,648,58846000,,23.29,25.83,-9.83,"-24,9% a -5%"
-41.9379999999999,-21.77,649,649,58850000,,24.99,30.87,-19.03,"-24,9% a -5%"
-42.3559999999999,-21.9519999999999,650,650,58857000,,3.85,5.2,-25.87,"-49,9% a -25%"
-41.955,-21.7289999999999,651,651,58870000,,7.67,10.19,-24.75,"-24,9% a -5%"
-41.859,-21.6439999999999,652,652,58874000,,34.41,42.35,-18.74,"-24,9% a -5%"
-41.752,-21.645,653,653,58880001,,449.43,610.33,-26.36,"-49,9% a -25%"
-42.514,-21.0509999999999,654,654,58910000,,3.08,3.29,-6.38,"-24,9% a -5%"
-42.3009999999999,-20.773,655,655,58916000,,8.01,10.31,-22.29,"-24,9% a -5%"
-42.348,-20.9109999999999,656,656,58917000,,15.35,17.65,-13.03,"-24,9% a -5%"
-42.2139999999999,-21.151,657,657,58920000,,41.27,47.11,-12.4,"-24,9% a -5%"
-42.0239999999999,-20.74,658,658,58930000,,10.18,13.03,-21.87,"-24,9% a -5%"
-42.037,-20.963,659,659,58934000,,17.84,20.77,-14.08,"-24,9% a -5%"
-41.8919999999999,-21.2069999999999,660,660,58940000,,65.44,84.25,-22.32,"-24,9% a -5%"
-41.617,-21.487,661,661,58960000,,78.37,97.26,-19.42,"-24,9% a -5%"
-41.3,-21.7529999999999,662,662,58974000,,515.45,725.93,-28.99,"-49,9% a -25%"
-41.739,-22.086,663,663,59100000,,9.02,9.19,-1.84,"-4,9% a 5%"
-42.4619999999999,-22.372,664,664,59120000,,2.52,2.68,-6.03,"-24,9% a -5%"
-42.379,-22.369,665,665,59125000,,3.86,4.03,-4.24,"-4,9% a 5%"
-42.336,-22.4089999999999,666,666,59135000,,3.63,3.54,2.36,"-4,9% a 5%"
-42.396,-22.5429999999999,667,667,59181000,,17.72,18.51,-4.26,"-4,9% a 5%"
-42.735,-22.59,668,668,59240000,,7.81,10.22,-23.56,"-24,9% a -5%"
-44.617,-22.7359999999999,669,669,59355000,,0.69,0.75,-7.92,"-24,9% a -5%"
-44.561,-22.96,670,670,59370000,,19.82,22.45,-11.7,"-24,9% a -5%"
-44.761,-23.225,671,671,59380000,,3.39,3.67,-7.47,"-24,9% a -5%"
-46.5509999999999,-18.841,672,672,60010000,,34.48,47.63,-27.62,"-49,9% a -25%"
-46.5389999999999,-18.602,673,673,60011000,,49.05,61.51,-20.26,"-24,9% a -5%"
-46.966,-18.901,674,674,60100000,,1.35,1.75,-22.83,"-24,9% a -5%"
-47.4059999999999,-18.4909999999999,675,675,60110000,,17.93,28.04,-36.06,"-49,9% a -25%"
-47.4089999999999,-18.7809999999999,676,676,60130000,,1.37,2.08,-34.24,"-49,9% a -25%"
-47.458,-18.977,677,677,60145000,,1.53,1.82,-16.11,"-24,9% a -5%"
-47.6899999999999,-18.739,678,678,60150000,,11.17,13.99,-20.21,"-24,9% a -5%"
-47.0169999999999,-20.014,679,679,60220000,,25.28,28.02,-9.8,"-24,9% a -5%"
-46.5699999999999,-19.518,680,680,60250000,,22.45,29.56,-24.03,"-24,9% a -5%"
-46.542,-19.475,681,681,60265000,,19.84,26.23,-24.37,"-24,9% a -5%"
-48.1899999999999,-18.9879999999999,682,682,60381000,,12.36,13.2,-6.38,"-24,9% a -5%"
-48.804,-16.297,683,683,60432000,,4.74,6.16,-23.09,"-24,9% a -5%"
-48.234,-15.7089999999999,684,684,60435000,,1.69,2.12,-20.54,"-24,9% a -5%"
-48.211,-15.6999999999999,685,685,60435100,,0.38,0.43,-10.45,"-24,9% a -5%"
-48.199,-15.7089999999999,686,686,60435150,,0.22,0.29,-25.91,"-49,9% a -25%"
-48.1679999999999,-15.725,687,687,60435200,,1.36,1.54,-11.23,"-24,9% a -5%"
-48.162,-15.747,688,688,60435300,,0.22,0.25,-11.38,"-24,9% a -5%"
-48.16,-15.761,689,689,60435400,,1.43,1.45,-1.41,"-4,9% a 5%"
-48.232,-15.7789999999999,690,690,60436000,,2.06,4.95,-58.35,"-74,9% a -50%"
-47.665,-15.6759999999999,691,691,60471200,,2.41,2.37,1.73,"-4,9% a 5%"
-47.6249999999999,-15.657,692,692,60473000,,1.66,2.54,-34.9,"-49,9% a -25%"
-47.674,-15.7409999999999,693,693,60476100,,8.41,9.31,-9.69,"-24,9% a -5%"
-47.878,-15.7119999999999,694,694,60477400,,1.71,2.28,-25.01,"-49,9% a -25%"
-47.8579999999999,-15.8559999999999,695,695,60478600,,0.31,0.39,-20.22,"-24,9% a -5%"
-47.8009999999999,-16.538,696,696,60500000,,45.51,59.8,-23.89,"-24,9% a -5%"
-48.1369999999999,-17.131,697,697,60540000,,40.1,53.92,-25.64,"-49,9% a -25%"
-48.7809999999999,-18.698,698,698,60615000,,2.64,3.32,-20.3,"-24,9% a -5%"
-49.494,-16.3459999999999,699,699,60635000,,5.83,7.47,-21.89,"-24,9% a -5%"
-49.28,-16.614,700,700,60640000,,18.96,22.24,-14.75,"-24,9% a -5%"
-49.244,-16.6319999999999,701,701,60642000,,11.03,10.04,9.83,"5,1% a 25%"
-49.196,-16.6809999999999,702,702,60650000,,32.36,41.27,-21.6,"-24,9% a -5%"
-48.8969999999999,-16.458,703,703,60653000,,0.72,0.94,-23.35,"-24,9% a -5%"
-49.105,-16.9139999999999,704,704,60654000,,16.72,17.33,-3.56,"-4,9% a 5%"
-49.275,-17.254,705,705,60665000,,16.98,19.19,-11.54,"-24,9% a -5%"
-49.602,-18.3489999999999,706,706,60680000,,134.29,146.77,-8.5,"-24,9% a -5%"
-49.6879999999999,-17.107,707,707,60715000,,49.53,57.18,-13.39,"-24,9% a -5%"
-50.2889999999999,-17.079,708,708,60750000,,27.58,30.21,-8.69,"-24,9% a -5%"
-50.181,-17.732,709,709,60765000,,67.34,86.58,-22.22,"-24,9% a -5%"
-50.247,-17.9809999999999,710,710,60772000,,171.44,199.26,-13.96,"-24,9% a -5%"
-51.0749999999999,-17.359,711,711,60774000,,15.05,22.4,-32.8,"-49,9% a -25%"
-50.7739999999999,-17.331,712,712,60778000,,13.66,16.23,-15.82,"-24,9% a -5%"
-50.682,-17.326,713,713,60781000,,84.03,110.02,-23.62,"-24,9% a -5%"
-50.7739999999999,-17.466,714,714,60785005,,19.42,22.87,-15.08,"-24,9% a -5%"
-50.556,-17.5409999999999,715,715,60790000,,117.05,155.18,-24.57,"-24,9% a -5%"
-50.333,-17.968,716,716,60798000,,173.28,219.25,-20.97,"-24,9% a -5%"
-50.033,-18.1039999999999,717,717,60810000,,15.51,20.49,-24.3,"-24,9% a -5%"
-48.567,-19.237,718,718,60835000,,22.45,25.51,-12.03,"-24,9% a -5%"
-49.4499999999999,-18.941,719,719,60845000,,76.13,98.87,-23,"-24,9% a -5%"
-49.1799999999999,-19.36,720,720,60850000,,29.54,39.96,-26.08,"-49,9% a -25%"
-49.6969999999999,-19.0359999999999,721,721,60855000,,60.77,76.27,-20.32,"-24,9% a -5%"
-50.5289999999999,-18.4979999999999,722,722,60870000,,23.96,27.01,-11.31,"-24,9% a -5%"
-50.663,-19.208,723,723,60925001,,25.96,32.51,-20.14,"-24,9% a -5%"
-52.533,-18.407,724,724,60930000,,23.77,27.8,-14.51,"-24,9% a -5%"
-52.0959999999999,-18.516,725,725,60940000,,54.1,63.09,-14.25,"-24,9% a -5%"
-51.1489999999999,-19.1,726,726,60950000,,101.42,118.04,-14.08,"-24,9% a -5%"
-52.213,-18.845,727,727,60960000,,6.7,7.7,-13.04,"-24,9% a -5%"
-51.7209999999999,-19.1079999999999,728,728,60968000,,87.22,97.58,-10.61,"-24,9% a -5%"
-51.5339999999999,-19.1399999999999,729,729,60970000,,92.17,107.97,-14.63,"-24,9% a -5%"
-44.616,-21.3249999999999,730,730,61061080,,112.8,115.84,-2.62,"-4,9% a 5%"
-44.6229999999999,-21.2929999999999,731,731,61065080,,127.82,114.67,11.47,"5,1% a 25%"
-44.2329999999999,-21.122,732,732,61107000,,51.05,52.43,-2.63,"-4,9% a 5%"
-45.1709999999999,-21.3419999999999,733,733,61173000,,4.05,6.09,-33.49,"-49,9% a -25%"
-45.1319999999999,-20.903,734,734,61202000,,21.37,30.51,-29.97,"-49,9% a -25%"
-45.479,-22.6879999999999,735,735,61250100,,3.67,3.36,9.33,"5,1% a 25%"
-45.7089999999999,-22.251,736,736,61305000,,46.48,56.81,-18.18,"-24,9% a -5%"
-45.699,-22.054,737,737,61410000,,111.63,147.07,-24.1,"-24,9% a -5%"
-45.663,-21.586,738,738,61425000,,125.96,170.68,-26.2,"-49,9% a -25%"
-45.489,-21.6109999999999,739,739,61537000,,88.02,123.6,-28.78,"-49,9% a -25%"
-46.124,-21.7889999999999,740,740,61565000,,6.91,8.79,-21.45,"-24,9% a -5%"
-45.905,-21.6879999999999,741,741,61568000,,11.65,15.24,-23.53,"-24,9% a -5%"
-46.807,-20.8099999999999,742,742,61700000,,5.5,8.44,-34.79,"-49,9% a -25%"
-47.436,-20.021,743,743,61734080,,871.38,892.57,-2.37,"-4,9% a 5%"
-48.222,-20.0339999999999,744,744,61760080,,992.47,1018.16,-2.52,"-4,9% a 5%"
-47.013,-21.1349999999999,745,745,61770000,,3.1,3.95,-21.39,"-24,9% a -5%"
-47.979,-19.728,746,746,61794000,,14.31,11.68,22.56,"5,1% a 25%"
-46.309,-22.004,747,747,61800500,,6.98,7.98,-12.49,"-24,9% a -5%"
-46.456,-21.722,748,748,61802502,,29.72,35.19,-15.54,"-24,9% a -5%"
-46.603,-21.7289999999999,749,749,61807002,,11.92,12.79,-6.8,"-24,9% a -5%"
-46.658,-21.5579999999999,750,750,61812000,,51.45,60.74,-15.29,"-24,9% a -5%"
-46.704,-21.294,751,751,61815000,,0.83,1.08,-23.36,"-24,9% a -5%"
-46.8799999999999,-21.574,752,752,61817004,,61.57,80.01,-23.05,"-24,9% a -5%"
-46.9619999999999,-21.42,753,753,61826000,,6.67,9.81,-31.96,"-49,9% a -25%"
-47.477,-21.3179999999999,754,754,61830000,,104.34,138.79,-24.82,"-24,9% a -5%"
-46.3219999999999,-22.3179999999999,755,755,61861000,,8.73,10.29,-15.12,"-24,9% a -5%"
-46.605,-22.2689999999999,756,756,61865000,,14.91,18.32,-18.58,"-24,9% a -5%"
-46.6469999999999,-22.5219999999999,757,757,61879000,,21.6,23.7,-8.86,"-24,9% a -5%"
-47.134,-22.299,758,758,61886000,,59.69,84.93,-29.72,"-49,9% a -25%"
-46.807,-21.978,759,759,61895000,,9.96,12.53,-20.48,"-24,9% a -5%"
-47.4739999999999,-21.8459999999999,760,760,61902000,,116.1,153.2,-24.22,"-24,9% a -5%"
-47.814,-21.6969999999999,761,761,61910000,,144.43,181.02,-20.21,"-24,9% a -5%"
-48.0409999999999,-21.5029999999999,762,762,61912000,,158.91,224.15,-29.11,"-49,9% a -25%"
-48.2599999999999,-21.29,763,763,61912500,,4.25,963.78,-99.56,-100% a -75%
-48.0429999999999,-21.201,764,764,61913500,,9.04,10.04,-9.98,"-24,9% a -5%"
-48.177,-21.0169999999999,765,765,61915000,,198.82,257.85,-22.89,"-24,9% a -5%"
-48.708,-20.992,766,766,61953001,,3.67,5.65,-35.08,"-49,9% a -25%"
-48.8009999999999,-21.0769999999999,767,767,61956001,,4.25,6.21,-31.48,"-49,9% a -25%"
-49.653,-20.1659999999999,768,768,61991000,,96.29,478.72,-79.89,-100% a -75%
-47.0579999999999,-23.15,769,769,62395000,,8.74,9.07,-3.68,"-4,9% a 5%"
-47.2959999999999,-22.9589999999999,770,770,62420000,,7.28,7.72,-5.8,"-24,9% a -5%"
-47.615,-23.364,771,771,62477100,,25.6,25.17,1.69,"-4,9% a 5%"
-47.4059999999999,-23.4159999999999,772,772,62478000,,3.97,3.81,4.38,"-4,9% a 5%"
-47.5719999999999,-23.638,773,773,62490000,,3.39,4.89,-30.62,"-49,9% a -25%"
-47.7569999999999,-23.3989999999999,774,774,62496001,,16.75,21.31,-21.39,"-24,9% a -5%"
-47.821,-22.958,775,775,62560000,,251.75,222.06,13.37,"5,1% a 25%"
-46.467,-22.9,776,776,62597000,,3.87,2737.72,-99.86,-100% a -75%
-46.6319999999999,-22.883,777,777,62600000,,8.01,13.86,-42.19,"-49,9% a -25%"
-46.78,-22.8509999999999,778,778,62605000,,9.49,1182.13,-99.2,-100% a -75%
-46.987,-22.7089999999999,779,779,62615000,,12.25,20.67,-40.74,"-49,9% a -25%"
-46.679,-22.687,780,780,62622000,,4.71,7.31,-35.53,"-49,9% a -25%"
-46.7809999999999,-22.711,781,781,62625000,,6.11,11.65,-47.56,"-49,9% a -25%"
-46.968,-22.6759999999999,782,782,62628000,,11.05,16.01,-30.97,"-49,9% a -25%"
-47.215,-22.657,783,783,62632000,,23.9,270.11,-91.15,-100% a -75%
-46.365,-23.052,784,784,62665000,,2.31,4.29,-46.05,"-49,9% a -25%"
-46.557,-23.1059999999999,785,785,62670000,,8.29,12.3,-32.57,"-49,9% a -25%"
-46.829,-22.9829999999999,786,786,62676000,,16.61,14324.7,-99.88,-100% a -75%
-46.989,-22.7689999999999,787,787,62680000,,21.12,9874.05,-99.79,-100% a -75%
-47.6589999999999,-22.725,788,788,62705000,,92.58,103.71,-10.73,"-24,9% a -5%"
-47.684,-22.581,789,789,62709000,,19.63,22.67,-13.41,"-24,9% a -5%"
-47.775,-22.679,790,790,62715000,,112.67,129,-12.66,"-24,9% a -5%"
-48.258,-23.0959999999999,791,791,62721000,,5.44,6.46,-15.77,"-24,9% a -5%"
-48.09,-22.062,792,792,62767500,,8.93,11.12,-19.69,"-24,9% a -5%"
-48.28,-21.865,793,793,62772500,,23.87,25.49,-6.36,"-24,9% a -5%"
-48.389,-21.857,794,794,62776600,,33.66,36.8,-8.53,"-24,9% a -5%"
-48.492,-21.8489999999999,795,795,62776800,,36.2,34.71,4.3,"-4,9% a 5%"
-48.388,-21.992,796,796,62776900,,2.12,2.57,-17.59,"-24,9% a -5%"
-48.561,-21.788,797,797,62777500,,2.84,3.76,-24.56,"-24,9% a -5%"
-48.4499999999999,-21.783,798,798,62781000,,2.9,3.71,-21.88,"-24,9% a -5%"
-49.011,-21.6999999999999,799,799,62800000,,25,27.94,-10.53,"-24,9% a -5%"
-50.717,-20.6999999999999,800,800,62880000,,0.69,0.59,18.3,"5,1% a 25%"
-53.0189999999999,-19.057,801,801,63001200,,75.15,76.31,-1.52,"-4,9% a 5%"
-53.571,-19.3779999999999,802,802,63250000,,42.33,40.68,4.04,"-4,9% a 5%"
-52.902,-20.4449999999999,803,803,63350100,,218.31,185.49,17.69,"5,1% a 25%"
-50.032,-22.306,804,804,63650000,,6.24,8.38,-25.52,"-49,9% a -25%"
-51.265,-21.883,805,805,63790000,,7.61,5.21,46.29,"25,1% a 50%"
-53.718,-20.441,806,806,63900001,,121.74,111.82,8.87,"5,1% a 25%"
-53.283,-20.975,807,807,63930000,,196.5,175.45,12,"5,1% a 25%"
-54.5069999999999,-20.994,808,808,63950010,,39.1,31.89,22.61,"5,1% a 25%"
-54.204,-21.304,809,809,63950100,,57.88,49.03,18.04,"5,1% a 25%"
-54.3129999999999,-21.4279999999999,810,810,63950150,,7.65,6.58,16.16,"5,1% a 25%"
-53.955,-21.208,811,811,63950250,,24.07,23.88,0.79,"-4,9% a 5%"
-53.6179999999999,-21.4109999999999,812,812,63950300,,39.63,32.68,21.26,"5,1% a 25%"
-53.0529999999999,-21.61,813,813,63955000,,191.38,159.79,19.77,"5,1% a 25%"
-52.8679999999999,-21.663,814,814,63970000,,431.28,377.04,14.39,"5,1% a 25%"
-48.278,-23.97,815,815,64040000,,9.46,11.41,-17.07,"-24,9% a -5%"
-48.105,-23.6249999999999,816,816,64065000,,16.78,21.9,-23.37,"-24,9% a -5%"
-49.461,-24.033,817,817,64231000,,31.09,27.08,14.81,"5,1% a 25%"
-49.2379999999999,-22.879,818,818,64315000,,44.12,44.71,-1.31,"-4,9% a 5%"
-49.735,-22.751,819,819,64327000,,11.32,10.36,9.2,"5,1% a 25%"
-50.1999999999999,-22.633,820,820,64344000,,5.81,5.64,2.96,"-4,9% a 5%"
-50.3,-22.8,821,821,64345000,,16.49,13.3,23.98,"5,1% a 25%"
-50.917,-22.533,822,822,64346000,,10.79,7.47,44.53,"25,1% a 50%"
-49.9499999999999,-23.7669999999999,823,823,64360000,,35.67,33.59,6.19,"5,1% a 25%"
-50.163,-23.3419999999999,824,824,64362000,,64.98,62.98,3.19,"-4,9% a 5%"
-50.285,-23.086,825,825,64370000,,87.17,79.33,9.89,"5,1% a 25%"
-50.391,-23.85,826,826,64380000,,28.82,15.59,84.84,"75,1% a 100%"
-50.4499999999999,-23.1229999999999,827,827,64390000,,52.61,63.04,-16.55,"-24,9% a -5%"
-50.6829999999999,-22.617,828,828,64395000,,24.66,19.65,25.5,"25,1% a 50%"
-50.525,-25.199,829,829,64442800,,32.43,28.96,11.99,"5,1% a 25%"
-50.41,-24.509,830,830,64465000,,209.17,191.4,9.28,"5,1% a 25%"
-50.0889999999999,-24.7499999999999,831,831,64477600,,46.51,36.17,28.58,"25,1% a 50%"
-50.693,-24.032,832,832,64491000,,259.05,160.83,61.08,"50,1% a 75%"
-50.9229999999999,-23.6369999999999,833,833,64501000,,406.47,378.2,7.48,"5,1% a 25%"
-50.9949999999999,-23.312,834,834,64506000,,426.23,423.97,0.53,"-4,9% a 5%"
-50.984,-23.2499999999999,835,835,64507000,,437.57,423.33,3.36,"-4,9% a 5%"
-50.788,-23.17,836,836,64508500,,25.86,15.1,71.22,"50,1% a 75%"
-52.078,-22.857,837,837,64550000,,83.09,68.13,21.96,"5,1% a 25%"
-53.1799999999999,-22.718,838,838,64575003,,8059,8673.53,-7.09,"-24,9% a -5%"
-55.439,-22.412,839,839,64608000,,14.89,13.07,13.87,"5,1% a 25%"
-54.792,-22.398,840,840,64609000,,95.91,81.59,17.54,"5,1% a 25%"
-54.229,-22.069,841,841,64610000,,144.73,123.08,17.59,"5,1% a 25%"
-54.422,-21.641,842,842,64613000,,58.63,45.12,29.94,"25,1% a 50%"
-53.768,-21.956,843,843,64614000,,429.41,324.49,32.33,"25,1% a 50%"
-54.025,-22.5459999999999,844,844,64618000,,20.37,17.25,18.08,"5,1% a 25%"
-50.953,-25.2329999999999,845,845,64619950,,32.07,29.39,9.1,"5,1% a 25%"
-50.943,-25.2049999999999,846,846,64620000,,28.88,29.69,-2.71,"-4,9% a 5%"
-51.1419999999999,-24.8299999999999,847,847,64625000,,93.71,84.99,10.26,"5,1% a 25%"
-51.424,-24.3419999999999,848,848,64645000,,248.79,211.91,17.4,"5,1% a 25%"
-51.482,-24.1059999999999,849,849,64652000,,67.34,50.63,33,"25,1% a 50%"
-51.6229999999999,-24.042,850,850,64655000,,348.06,292.69,18.92,"5,1% a 25%"
-51.946,-24.016,851,851,64659000,,89.33,77.34,15.5,"5,1% a 25%"
-51.951,-23.9,852,852,64660500,,541.53,437.46,23.79,"5,1% a 25%"
-52.179,-23.824,853,853,64673000,,52.71,36.07,46.13,"25,1% a 50%"
-52.117,-23.675,854,854,64675002,,567.35,510.86,11.06,"5,1% a 25%"
-52.605,-23.441,855,855,64682000,,20.7,15.84,30.63,"25,1% a 50%"
-52.665,-23.324,856,856,64685000,,725.8,588.69,23.29,"5,1% a 25%"
-53.316,-23.199,857,857,64693000,,861.63,695.96,23.8,"5,1% a 25%"
-55.2209999999999,-22.9429999999999,858,858,64700000,,38.34,32.21,19.02,"5,1% a 25%"
-54.1949999999999,-23.1319999999999,859,859,64717000,,167.9,139.32,20.51,"5,1% a 25%"
-55.389,-23.6489999999999,860,860,64723000,,24.14,23.26,3.79,"-4,9% a 5%"
-52.283,-24.9829999999999,861,861,64764000,,62.72,53.98,16.2,"5,1% a 25%"
-52.5959999999999,-24.9469999999999,862,862,64767000,,111.35,109.36,1.82,"-4,9% a 5%"
-52.763,-24.8659999999999,863,863,64771500,,147.83,127.99,15.51,"5,1% a 25%"
-52.309,-24.727,864,864,64773000,,30.46,27.31,11.52,"5,1% a 25%"
-52.703,-24.749,865,865,64775000,,91.57,76.54,19.63,"5,1% a 25%"
-52.877,-24.752,866,866,64776100,,251.89,220.51,14.23,"5,1% a 25%"
-52.901,-24.554,867,867,64785000,,38.01,28.58,33.01,"25,1% a 50%"
-53.1,-24.6279999999999,868,868,64790000,,20.1,19.52,2.99,"-4,9% a 5%"
-53.129,-24.5579999999999,869,869,64795000,,344.82,316.7,8.88,"5,1% a 25%"
-53.162,-24.3779999999999,870,870,64799500,,413.61,369.03,12.08,"5,1% a 25%"
-53.133,-23.917,871,871,64810000,,58.1,49.85,16.55,"5,1% a 25%"
-53.317,-24.133,872,872,64815000,,69.93,60.99,14.65,"5,1% a 25%"
-53.333,-24.1999999999999,873,873,64820000,,517.64,461.44,12.18,"5,1% a 25%"
-53.746,-24.1879999999999,874,874,64830000,,619.77,536.14,15.6,"5,1% a 25%"
-49.121,-25.451,875,875,65004995,,3.04,2.76,10.03,"5,1% a 25%"
-49.146,-25.5189999999999,876,876,65010000,,3.15,2.86,10.14,"5,1% a 25%"
-49.228,-25.5889999999999,877,877,65015400,,6.07,6.65,-8.74,"-24,9% a -5%"
-49.359,-25.3459999999999,878,878,65020995,,0.43,0.44,-1.64,"-4,9% a 5%"
-49.355,-25.365,879,879,65021000,,0.46,0.45,2.23,"-4,9% a 5%"
-49.3849999999999,-25.417,880,880,65021770,,0.65,0.5,29.83,"25,1% a 50%"
-49.513,-25.6,881,881,65025000,,58.34,53.51,9.03,"5,1% a 25%"
-49.583,-25.5799999999999,882,882,65027000,,5.15,5.02,2.48,"-4,9% a 5%"
-49.889,-25.5479999999999,883,883,65035000,,70.99,80.94,-12.3,"-24,9% a -5%"
-50.39,-25.876,884,884,65060000,,147.22,128.26,14.78,"5,1% a 25%"
-49.8009999999999,-26.11,885,885,65100000,,99.79,78.2,27.61,"25,1% a 50%"
-49.393,-25.934,886,886,65135000,,12.57,13.65,-7.96,"-24,9% a -5%"
-50.288,-26.372,887,887,65180000,,21.78,18.29,19.08,"5,1% a 25%"
-50.593,-26.0189999999999,888,888,65220000,,499.24,409.11,22.03,"5,1% a 25%"
-51.08,-26.228,889,889,65310000,,686.61,554.23,23.89,"5,1% a 25%"
-51.22,-26.1779999999999,890,890,65365000,,6.29,5.81,8.27,"5,1% a 25%"
-51.436,-25.398,891,891,65809000,,8.72,9.04,-3.53,"-4,9% a 5%"
-52.616,-25.61,892,892,65883051,,1160.15,1158.64,0.13,"-4,9% a 5%"
-53.011,-25.533,893,893,65894991,,1657.56,1908.82,-13.16,"-24,9% a -5%"
-52.2959999999999,-26.278,894,894,65925000,,62.75,59.34,5.74,"5,1% a 25%"
-52.8009999999999,-26.0509999999999,895,895,65945000,,17.09,16.11,6.14,"5,1% a 25%"
-53.02,-26.153,896,896,65948000,,9.88,14.76,-33.05,"-49,9% a -25%"
-52.8489999999999,-25.915,897,897,65955000,,58.91,62.67,-6.01,"-24,9% a -5%"
-52.927,-25.7689999999999,898,898,65960000,,271.88,221.99,22.47,"5,1% a 25%"
-53.518,-25.434,899,899,65979000,,45.71,41.77,9.44,"5,1% a 25%"
-53.9329999999999,-25.567,900,900,65987000,,1717.33,1828.67,-6.09,"-24,9% a -5%"
-54.4329999999999,-25.6829999999999,901,901,65993000,,1963.76,1869.28,5.05,"-4,9% a 5%"
-56.814,-14.4519999999999,902,902,66006000,,32.37,38.72,-16.41,"-24,9% a -5%"
-57.0839999999999,-15.167,903,903,66008000,,20.43,22.3,-8.38,"-24,9% a -5%"
-57.182,-15.076,904,904,66010000,,157.11,182.97,-14.14,"-24,9% a -5%"
-57.7689999999999,-14.8509999999999,905,905,66050000,,144.08,173.84,-17.12,"-24,9% a -5%"
-57.6799999999999,-15.0919999999999,906,906,66055000,,200.01,240.32,-16.77,"-24,9% a -5%"
-57.8939999999999,-15.4689999999999,907,907,66065000,,79.31,83.51,-5.04,"-24,9% a -5%"
-57.7019999999999,-16.076,908,908,66070004,,533.58,593.75,-10.14,"-24,9% a -5%"
-58.463,-15.852,909,909,66072000,,117.62,122.15,-3.71,"-4,9% a 5%"
-56.542,-16.3149999999999,910,910,66110000,,17.26,20.37,-15.27,"-24,9% a -5%"
-55.8489999999999,-14.542,911,911,66140000,,58.91,65.14,-9.56,"-24,9% a -5%"
-56.1319999999999,-14.6539999999999,912,912,66160000,,89.95,101.99,-11.81,"-24,9% a -5%"
-55.8559999999999,-14.845,913,913,66231000,,168.36,181.05,-7.01,"-24,9% a -5%"
-56.414,-14.8339999999999,914,914,66250001,,280.63,312.53,-10.21,"-24,9% a -5%"
-56.367,-15.204,915,915,66255000,,310.08,344.35,-9.95,"-24,9% a -5%"
-56.109,-15.6159999999999,916,916,66260001,,349.1,419.37,-16.76,"-24,9% a -5%"
-55.967,-16.1929999999999,917,917,66280000,,403.93,415.24,-2.72,"-4,9% a 5%"
-56.376,-16.5119999999999,918,918,66340000,,348.2,365.1,-4.63,"-4,9% a 5%"
-56.633,-16.944,919,919,66360000,,299.34,303.22,-1.28,"-4,9% a 5%"
-56.581,-17.0559999999999,920,920,66370000,,384.33,372.96,3.05,"-4,9% a 5%"
-54.922,-15.9979999999999,921,921,66380000,,57.16,67.91,-15.84,"-24,9% a -5%"
-54.9229999999999,-16.311,922,922,66400000,,129.14,157.78,-18.15,"-24,9% a -5%"
-54.4589999999999,-16.607,923,923,66440000,,19.52,26.79,-27.16,"-49,9% a -25%"
-54.651,-16.4789999999999,924,924,66450001,,146.11,174.19,-16.12,"-24,9% a -5%"
-55.206,-16.6079999999999,925,925,66460000,,323.76,378.9,-14.55,"-24,9% a -5%"
-56.2239999999999,-16.925,926,926,66470000,,247.31,279.1,-11.39,"-24,9% a -5%"
-54.151,-17.208,927,927,66520000,,62.31,63.51,-1.89,"-4,9% a 5%"
-56.009,-17.2019999999999,928,928,66600000,,236.93,278.91,-15.05,"-24,9% a -5%"
-56.965,-17.6229999999999,929,929,66750000,,699.82,744.94,-6.06,"-24,9% a -5%"
-57.489,-18.0389999999999,930,930,66800000,,1258.48,1290.46,-2.48,"-4,9% a 5%"
-57.391,-18.3939999999999,931,931,66810000,,1650.38,1759.54,-6.2,"-24,9% a -5%"
-54.4709999999999,-18.167,932,932,66845000,,162.87,180.84,-9.94,"-24,9% a -5%"
-54.567,-18.7139999999999,933,933,66855000,,75.28,80.28,-6.22,"-24,9% a -5%"
-54.7619999999999,-18.508,934,934,66870000,,320.1,402.07,-20.39,"-24,9% a -5%"
-57.235,-19.258,935,935,66895000,,1795.66,1846.09,-2.73,"-4,9% a 5%"
-56.091,-20.7619999999999,936,936,66900000,,111.69,91.34,22.28,"5,1% a 25%"
-56.3989999999999,-20.2409999999999,937,937,66910000,,128.28,98.84,29.79,"25,1% a 50%"
-55.09,-20.1559999999999,938,938,66926000,,68.77,78.37,-12.25,"-24,9% a -5%"
-55.8009999999999,-20.478,939,939,66945000,,133.54,126.83,5.3,"5,1% a 25%"
-57.891,-21.6999999999999,940,940,67100000,,2256.8,2572.67,-12.28,"-24,9% a -5%"
-57.304,-22.2239999999999,941,941,67170000,,112.01,75.73,47.9,"25,1% a 50%"
-49.8029999999999,-28.369,942,942,70100000,,15.95,16.22,-1.64,"-4,9% a 5%"
-50.302,-28.439,943,943,70200000,,84.45,85.24,-0.93,"-4,9% a 5%"
-50.061,-28.09,944,944,70300000,,31.57,36.32,-13.06,"-24,9% a -5%"
-50.443,-28.1609999999999,945,945,70500000,,15.93,19.58,-18.65,"-24,9% a -5%"
-49.7789999999999,-27.8029999999999,946,946,71200000,,36.91,35.79,3.13,"-4,9% a 5%"
-49.627,-27.8299999999999,947,947,71250000,,15.15,14.77,2.53,"-4,9% a 5%"
-49.84,-27.7019999999999,948,948,71300000,,56.99,60.13,-5.23,"-24,9% a -5%"
-50.1129999999999,-27.508,949,949,71350001,,89.21,93.65,-4.74,"-4,9% a 5%"
-50.3919999999999,-27.4859999999999,950,950,71383000,,139.51,127.93,9.05,"5,1% a 25%"
-50.754,-27.3339999999999,951,951,71498000,,85.37,98.72,-13.52,"-24,9% a -5%"
-51.7549999999999,-27.879,952,952,72430000,,46.74,46.58,0.36,"-4,9% a 5%"
-51.8849999999999,-27.7069999999999,953,953,72630000,,86.96,80.96,7.41,"5,1% a 25%"
-51.8579999999999,-27.562,954,954,72680000,,107.22,117.78,-8.97,"-24,9% a -5%"
-51.076,-26.896,955,955,72715000,,21.76,22.45,-3.04,"-4,9% a 5%"
-51.258,-27.088,956,956,72810000,,51.75,55.96,-7.53,"-24,9% a -5%"
-51.4809999999999,-27.1589999999999,957,957,72849000,,93.52,99.32,-5.84,"-24,9% a -5%"
-51.527,-27.316,958,958,72870000,,14.36,12.45,15.39,"5,1% a 25%"
-52.1829999999999,-26.949,959,959,73300000,,20.51,21.65,-5.27,"-24,9% a -5%"
-52.523,-27.1659999999999,960,960,73350000,,47.2,52.07,-9.34,"-24,9% a -5%"
-52.7429999999999,-27.554,961,961,73420080,,66.37,61.79,7.41,"5,1% a 25%"
-52.326,-26.561,962,962,73600000,,65.08,75.39,-13.67,"-24,9% a -5%"
-52.025,-26.773,963,963,73690001,,23.86,25.31,-5.72,"-24,9% a -5%"
-52.7499999999999,-26.7599999999999,964,964,73765000,,8.26,8.78,-5.84,"-24,9% a -5%"
-52.734,-26.818,965,965,73770000,,172.94,190.8,-9.36,"-24,9% a -5%"
-52.902,-26.737,966,966,73780000,,20.76,20.76,-0.01,"-4,9% a 5%"
-52.905,-26.859,967,967,73820000,,32.57,33.5,-2.77,"-4,9% a 5%"
-53.009,-26.924,968,968,73900000,,13.38,15.63,-14.44,"-24,9% a -5%"
-52.954,-27.042,969,969,73960000,,243.98,271.65,-10.19,"-24,9% a -5%"
-53.23,-27.1759999999999,970,970,74100000,,1702.01,1840.44,-7.52,"-24,9% a -5%"
-53.0289999999999,-27.8129999999999,971,971,74205000,,14.16,13.98,1.28,"-4,9% a 5%"
-53.3199999999999,-27.2789999999999,972,972,74270000,,179.99,195.38,-7.88,"-24,9% a -5%"
-53.295,-27.013,973,973,74295000,,11.31,10.22,10.69,"5,1% a 25%"
-53.2859999999999,-26.682,974,974,74320000,,20.93,21.53,-2.8,"-4,9% a 5%"
-53.6439999999999,-27.333,975,975,74370000,,66.31,69.76,-4.95,"-4,9% a 5%"
-53.73,-27.8249999999999,976,976,74460000,,17.82,15.56,14.55,"5,1% a 25%"
-53.881,-27.3919999999999,977,977,74470000,,51.83,47.51,9.08,"5,1% a 25%"
-54.4639999999999,-27.6729999999999,978,978,74700000,,43.59,37.99,14.76,"5,1% a 25%"
-54.556,-27.845,979,979,74750000,,10.58,10.25,3.19,"-4,9% a 5%"
-55.026,-27.853,980,980,74800000,,2693.42,2719.07,-0.94,"-4,9% a 5%"
-54.756,-28.0629999999999,981,981,74880000,,22.42,25.69,-12.72,"-24,9% a -5%"
-54.939,-27.931,982,982,74900000,,47.01,39.94,17.71,"5,1% a 25%"
-53.7809999999999,-28.287,983,983,75155000,,70.1,61.78,13.47,"5,1% a 25%"
-53.973,-28.454,984,984,75200000,,26.75,24.79,7.88,"5,1% a 25%"
-54.0309999999999,-28.3849999999999,985,985,75205000,,30.96,26.11,18.58,"5,1% a 25%"
-54.268,-28.355,986,986,75230000,,181.42,172.38,5.24,"5,1% a 25%"
-54.331,-28.3899999999999,987,987,75295000,,73.86,67.34,9.69,"5,1% a 25%"
-54.4589999999999,-28.657,988,988,75400000,,28.56,30.51,-6.38,"-24,9% a -5%"
-54.914,-28.578,989,989,75450000,,96.11,95.49,0.64,"-4,9% a 5%"
-55.3199999999999,-28.2119999999999,990,990,75500000,,149.35,151.52,-1.43,"-4,9% a 5%"
-54.855,-28.8369999999999,991,991,75600000,,19.65,15.81,24.25,"5,1% a 25%"
-55.579,-28.6829999999999,992,992,75700000,,103.2,105.38,-2.07,"-4,9% a 5%"
-54.054,-29.429,993,993,76085000,,45.96,44.65,2.94,"-4,9% a 5%"
-54.342,-29.556,994,994,76100000,,80.68,84.95,-5.03,"-24,9% a -5%"
-54.903,-30.2809999999999,995,995,76300000,,96.02,111.1,-13.58,"-24,9% a -5%"
-54.917,-30.2429999999999,996,996,76310000,,225.24,239.03,-5.77,"-24,9% a -5%"
-54.689,-29.499,997,997,76440000,,65.33,73.58,-11.22,"-24,9% a -5%"
-54.735,-29.3629999999999,998,998,76460000,,36.31,33.27,9.12,"5,1% a 25%"
-55.196,-29.687,999,999,76500000,,573.06,601.47,-4.72,"-4,9% a 5%"
-55.4809999999999,-29.5959999999999,1000,1000,76560000,,625.24,645.95,-3.21,"-4,9% a 5%"
-55.7069999999999,-29.309,1001,1001,76650000,,62.82,71.15,-11.71,"-24,9% a -5%"
-55.6,-29.951,1002,1002,76742000,,18.9,36.32,-47.96,"-49,9% a -25%"
-55.788,-29.768,1003,1003,76750000,,107.22,126.35,-15.14,"-24,9% a -5%"
-56.0549999999999,-29.309,1004,1004,76800000,,899.36,941.28,-4.45,"-4,9% a 5%"
-57.0889999999999,-29.749,1005,1005,77150000,,4929.42,5055.6,-2.5,"-4,9% a 5%"
-46.011,-23.657,1006,1006,80200000,,0.83,0.95,-13.23,"-24,9% a -5%"
-49.5959999999999,-25.234,1007,1007,81019350,,13.56,11.26,20.37,"5,1% a 25%"
-49.583,-25.067,1008,1008,81080000,,26.45,29.47,-10.25,"-24,9% a -5%"
-49.4829999999999,-24.9299999999999,1009,1009,81102000,,35.86,31.49,13.88,"5,1% a 25%"
-49.442,-24.903,1010,1010,81107000,,79.91,64.18,24.51,"5,1% a 25%"
-49.3389999999999,-25.0099999999999,1011,1011,81120000,,7.13,7.16,-0.37,"-4,9% a 5%"
-49.34,-24.756,1012,1012,81125000,,9.11,8.55,6.45,"5,1% a 25%"
-49.273,-24.7959999999999,1013,1013,81135000,,107.74,89.93,19.82,"5,1% a 25%"
-48.9999999999999,-24.6559999999999,1014,1014,81200000,,149.67,136.02,10.04,"5,1% a 25%"
-48.509,-24.759,1015,1015,81335000,,58.86,56.16,4.8,"-4,9% a 5%"
-48.592,-24.586,1016,1016,81350000,,224.26,218.72,2.54,"-4,9% a 5%"
-47.0699999999999,-23.934,1017,1017,81450000,,3.73,4.23,-11.77,"-24,9% a -5%"
-47.6129999999999,-24.206,1018,1018,81530000,,71.55,71.31,0.35,"-4,9% a 5%"
-47.177,-24.2889999999999,1019,1019,81580000,,3.91,4.71,-17.06,"-24,9% a -5%"
-47.1659999999999,-24.2719999999999,1020,1020,81585000,,3.81,3.39,12.37,"5,1% a 25%"
-47.372,-24.181,1021,1021,81598000,,25.91,25.35,2.19,"-4,9% a 5%"
-47.374,-24.249,1022,1022,81600000,,41.17,40.97,0.49,"-4,9% a 5%"
-47.478,-24.208,1023,1023,81615000,,2.22,2.52,-11.91,"-24,9% a -5%"
-47.461,-24.2809999999999,1024,1024,81630000,,49.91,46.47,7.42,"5,1% a 25%"
-48.001,-24.6899999999999,1025,1025,81710000,,32.68,25.9,26.19,"25,1% a 50%"
-48.83,-25.477,1026,1026,82170000,,15.21,16.23,-6.26,"-24,9% a -5%"
-49.2929999999999,-26.424,1027,1027,82320000,,6.6,6.52,1.23,"-4,9% a 5%"
-49.081,-26.48,1028,1028,82350000,,30.39,28.2,7.77,"5,1% a 25%"
-48.978,-26.249,1029,1029,82769800,,2.48,2.2,12.6,"5,1% a 25%"
-48.831,-26.448,1030,1030,82770000,,24.42,19.89,22.74,"5,1% a 25%"
-50.124,-27.04,1031,1031,83029900,,19.27,17.38,10.9,"5,1% a 25%"
-49.9949999999999,-27.114,1032,1032,83050000,,48.43,45.54,6.35,"5,1% a 25%"
-49.7959999999999,-27.312,1033,1033,83069900,,7.84,8.49,-7.74,"-24,9% a -5%"
-49.3629999999999,-27.684,1034,1034,83105000,,8.97,9.69,-7.39,"-24,9% a -5%"
-49.6059999999999,-27.3989999999999,1035,1035,83250000,,34.26,36.24,-5.47,"-24,9% a -5%"
-49.629,-27.208,1036,1036,83300200,,125.8,126.28,-0.38,"-4,9% a 5%"
-49.831,-26.698,1037,1037,83345000,,50.15,29.88,67.85,"50,1% a 75%"
-49.5169999999999,-27.054,1038,1038,83440000,,76.83,74.17,3.58,"-4,9% a 5%"
-49.29,-26.942,1039,1039,83520000,,260.83,210.34,24.01,"5,1% a 25%"
-49.364,-26.788,1040,1040,83660000,,21.88,21.81,0.3,"-4,9% a 5%"
-49.271,-26.7409999999999,1041,1041,83675000,,17.31,17.46,-0.84,"-4,9% a 5%"
-49.2719999999999,-26.8299999999999,1042,1042,83677000,,45.27,43.34,4.45,"-4,9% a 5%"
-49.235,-26.891,1043,1043,83690000,,284.4,259.98,9.39,"5,1% a 25%"
-49.066,-26.919,1044,1044,83800002,,281.84,309.98,-9.08,"-24,9% a -5%"
-48.931,-26.7239999999999,1045,1045,83880000,,4.76,5.13,-7.31,"-24,9% a -5%"
-49.33,-27.3299999999999,1046,1046,83892990,,5.98,5.66,5.67,"5,1% a 25%"
-49.088,-27.1969999999999,1047,1047,83892998,,17.81,16.73,6.46,"5,1% a 25%"
-48.917,-27.1009999999999,1048,1048,83900000,,31.69,24.83,27.65,"25,1% a 50%"
-48.953,-27.4139999999999,1049,1049,84071000,,33.46,27.06,23.64,"5,1% a 25%"
-48.934,-27.2859999999999,1050,1050,84095000,,17.96,14.31,25.46,"25,1% a 50%"
-48.85,-27.275,1051,1051,84095500,,51.56,55.46,-7.03,"-24,9% a -5%"
-48.8029999999999,-27.704,1052,1052,84100000,,13.4,12.62,6.21,"5,1% a 25%"
-48.71,-27.693,1053,1053,84150100,,16.27,17.88,-9.01,"-24,9% a -5%"
-49.295,-28.359,1054,1054,84249998,,17.68,18.46,-4.23,"-4,9% a 5%"
-49.1829999999999,-28.4349999999999,1055,1055,84300000,,27.55,27.65,-0.33,"-4,9% a 5%"
-49.116,-27.996,1056,1056,84520000,,10.81,11.6,-6.84,"-24,9% a -5%"
-49.119,-28.033,1057,1057,84520010,,19.28,21.32,-9.58,"-24,9% a -5%"
-49.1949999999999,-28.2089999999999,1058,1058,84551000,,16.19,13.18,22.87,"5,1% a 25%"
-49.163,-28.239,1059,1059,84559800,,30.04,35.28,-14.83,"-24,9% a -5%"
-49.179,-28.326,1060,1060,84560000,,45.32,48.47,-6.49,"-24,9% a -5%"
-49.1059999999999,-28.4209999999999,1061,1061,84580000,,81.11,79.54,1.97,"-4,9% a 5%"
-48.972,-28.1659999999999,1062,1062,84598002,,16.87,17.79,-5.17,"-24,9% a -5%"
-49.015,-28.261,1063,1063,84600000,,21.32,23.52,-9.35,"-24,9% a -5%"
-49.5509999999999,-28.6129999999999,1064,1064,84800000,,4.25,4.81,-11.66,"-24,9% a -5%"
-49.4739999999999,-28.749,1065,1065,84820000,,17.69,21.24,-16.72,"-24,9% a -5%"
-49.59,-28.8539999999999,1066,1066,84853000,,12.61,14.11,-10.63,"-24,9% a -5%"
-49.703,-28.942,1067,1067,84949000,,14.4,11.04,30.46,"25,1% a 50%"
-49.6369999999999,-28.973,1068,1068,84949800,,42.07,35.38,18.92,"5,1% a 25%"
-53.353,-29.627,1069,1069,85400000,,438.93,417.95,5.02,"-4,9% a 5%"
-53.369,-29.8009999999999,1070,1070,85438000,,19.97,23.52,-15.09,"-24,9% a -5%"
-54.3129999999999,-30.36,1071,1071,85470000,,16.14,19.56,-17.49,"-24,9% a -5%"
-53.985,-30.2309999999999,1072,1072,85480000,,47.07,56.17,-16.2,"-24,9% a -5%"
-53.417,-29.9259999999999,1073,1073,85600000,,128.02,145.48,-12,"-24,9% a -5%"
-53.7139999999999,-30.436,1074,1074,85610000,,1.2,1.48,-19.03,"-24,9% a -5%"
-53.5629999999999,-30.194,1075,1075,85623000,,13.52,17.04,-20.64,"-24,9% a -5%"
-53.016,-30.008,1076,1076,85642000,,692.09,687.47,0.67,"-4,9% a 5%"
-52.376,-29.9949999999999,1077,1077,85900000,,960.48,993.02,-3.28,"-4,9% a 5%"
-50.4949999999999,-28.806,1078,1078,86100000,,58.47,57.49,1.72,"-4,9% a 5%"
-50.456,-28.8679999999999,1079,1079,86160000,,27.6,33.17,-16.79,"-24,9% a -5%"
-51.425,-28.739,1080,1080,86410000,,78.29,75.91,3.14,"-4,9% a 5%"
-51.6079999999999,-28.6779999999999,1081,1081,86420000,,9.31,9.97,-6.6,"-24,9% a -5%"
-51.8559999999999,-28.619,1082,1082,86480000,,34.19,36.13,-5.37,"-24,9% a -5%"
-51.833,-28.8489999999999,1083,1083,86500000,,47.25,52.04,-9.2,"-24,9% a -5%"
-51.869,-29.167,1084,1084,86510000,,402.08,441.38,-8.9,"-24,9% a -5%"
-51.953,-28.912,1085,1085,86560000,,59.68,59.98,-0.49,"-4,9% a 5%"
-51.912,-29.1199999999999,1086,1086,86580000,,71.59,73.58,-2.7,"-4,9% a 5%"
-51.855,-29.234,1087,1087,86720000,,476.05,540.24,-11.88,"-24,9% a -5%"
-52.162,-29.216,1088,1088,86745000,,20.19,22.57,-10.56,"-24,9% a -5%"
-51.189,-29.336,1089,1089,87160000,,42.65,48.44,-11.95,"-24,9% a -5%"
-51.383,-29.59,1090,1090,87170000,,72.59,72.33,0.37,"-4,9% a 5%"
-51.441,-29.701,1091,1091,87270000,,92.11,104.69,-12.01,"-24,9% a -5%"
-50.2089999999999,-29.6519999999999,1092,1092,87317030,,13.54,14.82,-8.68,"-24,9% a -5%"
-51.0459999999999,-29.692,1093,1093,87380000,,78.41,83.04,-5.58,"-24,9% a -5%"
-51.148,-29.759,1094,1094,87382000,,88.01,91.14,-3.43,"-4,9% a 5%"
-50.978,-29.9639999999999,1095,1095,87399000,,28.11,22.91,22.74,"5,1% a 25%"
-52.0529999999999,-31.0119999999999,1096,1096,87905000,,279.21,358.15,-22.04,"-24,9% a -5%"
-52.477,-31.7139999999999,1097,1097,88750000,,2.55,3.27,-22.04,"-24,9% a -5%"
-52.463,-31.574,1098,1098,88850000,,7.41,10.71,-30.81,"-49,9% a -25%"
